{
    "name": "root",
    "metadata": {
        "timer_format_version": "0.1.0",
        "start_time_seconds": "1746999727",
        "python_version": "3.10.11 (tags/v3.10.11:7d4cc5a, Apr  5 2023, 00:38:17) [MSC v.1929 64 bit (AMD64)]",
        "command_line_arguments": "D:\\Cours\\Sabrina\\GeoGirl - Copie\\venv-mlagents\\Scripts\\mlagents-learn MLConfig/geometry_dash.yaml --run-id=gd_run_46",
        "mlagents_version": "1.1.0",
        "mlagents_envs_version": "1.1.0",
        "communication_protocol_version": "1.5.0",
        "pytorch_version": "2.7.0+cpu",
        "numpy_version": "1.23.5",
        "end_time_seconds": "1746999801"
    },
    "total": 74.31902420008555,
    "count": 1,
    "self": 0.002726099919527769,
    "children": {
        "run_training.setup": {
            "total": 0.05499160010367632,
            "count": 1,
            "self": 0.05499160010367632
        },
        "TrainerController.start_learning": {
            "total": 74.26130650006235,
            "count": 1,
            "self": 0.015448491321876645,
            "children": {
                "TrainerController._reset_env": {
                    "total": 6.0457347999326885,
                    "count": 1,
                    "self": 6.0457347999326885
                },
                "TrainerController.advance": {
                    "total": 68.14954050886445,
                    "count": 1052,
                    "self": 0.006881908979266882,
                    "children": {
                        "env_step": {
                            "total": 68.14265859988518,
                            "count": 1052,
                            "self": 67.52581699937582,
                            "children": {
                                "SubprocessEnvManager._take_step": {
                                    "total": 0.6091332966461778,
                                    "count": 1052,
                                    "self": 0.027545603225007653,
                                    "children": {
                                        "TorchPolicy.evaluate": {
                                            "total": 0.5815876934211701,
                                            "count": 1052,
                                            "self": 0.5815876934211701
                                        }
                                    }
                                },
                                "workers": {
                                    "total": 0.007708303863182664,
                                    "count": 1051,
                                    "self": 0.0,
                                    "children": {
                                        "worker_root": {
                                            "total": 6.327959100017324,
                                            "count": 1051,
                                            "is_parallel": true,
                                            "self": 1.8666359034832567,
                                            "children": {
                                                "steps_from_proto": {
                                                    "total": 0.0002327000256627798,
                                                    "count": 1,
                                                    "is_parallel": true,
                                                    "self": 0.0001063002273440361,
                                                    "children": {
                                                        "_process_rank_one_or_two_observation": {
                                                            "total": 0.0001263997983187437,
                                                            "count": 2,
                                                            "is_parallel": true,
                                                            "self": 0.0001263997983187437
                                                        }
                                                    }
                                                },
                                                "UnityEnvironment.step": {
                                                    "total": 4.461090496508405,
                                                    "count": 1051,
                                                    "is_parallel": true,
                                                    "self": 0.052043291507288814,
                                                    "children": {
                                                        "UnityEnvironment._generate_step_input": {
                                                            "total": 0.035389105789363384,
                                                            "count": 1051,
                                                            "is_parallel": true,
                                                            "self": 0.035389105789363384
                                                        },
                                                        "communicator.exchange": {
                                                            "total": 4.212725798133761,
                                                            "count": 1051,
                                                            "is_parallel": true,
                                                            "self": 4.212725798133761
                                                        },
                                                        "steps_from_proto": {
                                                            "total": 0.16093230107799172,
                                                            "count": 1051,
                                                            "is_parallel": true,
                                                            "self": 0.07866710308007896,
                                                            "children": {
                                                                "_process_rank_one_or_two_observation": {
                                                                    "total": 0.08226519799791276,
                                                                    "count": 2102,
                                                                    "is_parallel": true,
                                                                    "self": 0.08226519799791276
                                                                }
                                                            }
                                                        }
                                                    }
                                                }
                                            }
                                        }
                                    }
                                }
                            }
                        }
                    }
                },
                "TrainerController._save_models": {
                    "total": 0.050582699943333864,
                    "count": 1,
                    "self": 0.007902799872681499,
                    "children": {
                        "RLTrainer._checkpoint": {
                            "total": 0.042679900070652366,
                            "count": 1,
                            "self": 0.042679900070652366
                        }
                    }
                }
            }
        }
    }
}