{
    "name": "root",
    "gauges": {
        "GeometryDashTrainer.Policy.Entropy.mean": {
            "value": 0.6931373476982117,
            "min": 0.6931326389312744,
            "max": 0.6931373476982117,
            "count": 2
        },
        "GeometryDashTrainer.Policy.Entropy.sum": {
            "value": 1400.83056640625,
            "min": 1400.83056640625,
            "max": 1433.3983154296875,
            "count": 2
        },
        "GeometryDashTrainer.Environment.EpisodeLength.mean": {
            "value": 66.33333333333333,
            "min": 61.21212121212121,
            "max": 66.33333333333333,
            "count": 2
        },
        "GeometryDashTrainer.Environment.EpisodeLength.sum": {
            "value": 1990.0,
            "min": 1990.0,
            "max": 2020.0,
            "count": 2
        },
        "GeometryDashTrainer.Step.mean": {
            "value": 3992.0,
            "min": 1998.0,
            "max": 3992.0,
            "count": 2
        },
        "GeometryDashTrainer.Step.sum": {
            "value": 3992.0,
            "min": 1998.0,
            "max": 3992.0,
            "count": 2
        },
        "GeometryDashTrainer.Policy.ExtrinsicValueEstimate.mean": {
            "value": -0.010804597288370132,
            "min": -0.010804597288370132,
            "max": -0.002266560448333621,
            "count": 2
        },
        "GeometryDashTrainer.Policy.ExtrinsicValueEstimate.sum": {
            "value": -0.32413792610168457,
            "min": -0.32413792610168457,
            "max": -0.07252993434667587,
            "count": 2
        },
        "GeometryDashTrainer.Environment.CumulativeReward.mean": {
            "value": -76.94868291219076,
            "min": -76.94868291219076,
            "max": -76.39754462242126,
            "count": 2
        },
        "GeometryDashTrainer.Environment.CumulativeReward.sum": {
            "value": -2308.4604873657227,
            "min": -2444.7214279174805,
            "max": -2308.4604873657227,
            "count": 2
        },
        "GeometryDashTrainer.Policy.ExtrinsicReward.mean": {
            "value": -76.94868291219076,
            "min": -76.94868291219076,
            "max": -76.39754462242126,
            "count": 2
        },
        "GeometryDashTrainer.Policy.ExtrinsicReward.sum": {
            "value": -2308.4604873657227,
            "min": -2444.7214279174805,
            "max": -2308.4604873657227,
            "count": 2
        },
        "GeometryDashTrainer.IsTraining.mean": {
            "value": 1.0,
            "min": 1.0,
            "max": 1.0,
            "count": 2
        },
        "GeometryDashTrainer.IsTraining.sum": {
            "value": 1.0,
            "min": 1.0,
            "max": 1.0,
            "count": 2
        }
    },
    "metadata": {
        "timer_format_version": "0.1.0",
        "start_time_seconds": "1746999603",
        "python_version": "3.10.11 (tags/v3.10.11:7d4cc5a, Apr  5 2023, 00:38:17) [MSC v.1929 64 bit (AMD64)]",
        "command_line_arguments": "D:\\Cours\\Sabrina\\GeoGirl - Copie\\venv-mlagents\\Scripts\\mlagents-learn MLConfig/geometry_dash.yaml --run-id=gd_run_45",
        "mlagents_version": "1.1.0",
        "mlagents_envs_version": "1.1.0",
        "communication_protocol_version": "1.5.0",
        "pytorch_version": "2.7.0+cpu",
        "numpy_version": "1.23.5",
        "end_time_seconds": "1746999665"
    },
    "total": 62.408224100014195,
    "count": 1,
    "self": 10.00301540014334,
    "children": {
        "run_training.setup": {
            "total": 0.05252859997563064,
            "count": 1,
            "self": 0.05252859997563064
        },
        "TrainerController.start_learning": {
            "total": 52.352680099895224,
            "count": 1,
            "self": 0.07289249636232853,
            "children": {
                "TrainerController._reset_env": {
                    "total": 4.56353579997085,
                    "count": 1,
                    "self": 4.56353579997085
                },
                "TrainerController.advance": {
                    "total": 47.660911803366616,
                    "count": 4427,
                    "self": 0.02791099762544036,
                    "children": {
                        "env_step": {
                            "total": 47.633000805741176,
                            "count": 4427,
                            "self": 45.13622541516088,
                            "children": {
                                "SubprocessEnvManager._take_step": {
                                    "total": 2.4641863983124495,
                                    "count": 4428,
                                    "self": 0.1125385940540582,
                                    "children": {
                                        "TorchPolicy.evaluate": {
                                            "total": 2.3516478042583913,
                                            "count": 4428,
                                            "self": 2.3516478042583913
                                        }
                                    }
                                },
                                "workers": {
                                    "total": 0.03258899226784706,
                                    "count": 4426,
                                    "self": 0.0,
                                    "children": {
                                        "worker_root": {
                                            "total": 23.78927480150014,
                                            "count": 4426,
                                            "is_parallel": true,
                                            "self": 5.691744608106092,
                                            "children": {
                                                "steps_from_proto": {
                                                    "total": 0.0005759000778198242,
                                                    "count": 2,
                                                    "is_parallel": true,
                                                    "self": 0.0002601000014692545,
                                                    "children": {
                                                        "_process_rank_one_or_two_observation": {
                                                            "total": 0.0003158000763505697,
                                                            "count": 4,
                                                            "is_parallel": true,
                                                            "self": 0.0003158000763505697
                                                        }
                                                    }
                                                },
                                                "UnityEnvironment.step": {
                                                    "total": 18.09695429331623,
                                                    "count": 4426,
                                                    "is_parallel": true,
                                                    "self": 0.2209358848631382,
                                                    "children": {
                                                        "UnityEnvironment._generate_step_input": {
                                                            "total": 0.15136470342986286,
                                                            "count": 4426,
                                                            "is_parallel": true,
                                                            "self": 0.15136470342986286
                                                        },