{
    "name": "root",
    "gauges": {
        "GeometryDashTrainer.Policy.Entropy.mean": {
            "value": 0.6891205310821533,
            "min": 0.6891205310821533,
            "max": 0.6931247711181641,
            "count": 3
        },
        "GeometryDashTrainer.Policy.Entropy.sum": {
            "value": 6939.44384765625,
            "min": 6897.9775390625,
            "max": 6965.79443359375,
            "count": 3
        },
        "GeometryDashTrainer.Environment.EpisodeLength.mean": {
            "value": 64.11688311688312,
            "min": 62.99363057324841,
            "max": 64.11688311688312,
            "count": 3
        },
        "GeometryDashTrainer.Environment.EpisodeLength.sum": {
            "value": 9874.0,
            "min": 9799.0,
            "max": 9890.0,
            "count": 3
        },
        "GeometryDashTrainer.Step.mean": {
            "value": 29973.0,
            "min": 9970.0,
            "max": 29973.0,
            "count": 3
        },
        "GeometryDashTrainer.Step.sum": {
            "value": 29973.0,
            "min": 9970.0,
            "max": 29973.0,
            "count": 3
        },
        "GeometryDashTrainer.Policy.ExtrinsicValueEstimate.mean": {
            "value": 0.7188380360603333,
            "min": -0.018789460882544518,
            "max": 0.7188380360603333,
            "count": 3
        },
        "GeometryDashTrainer.Policy.ExtrinsicValueEstimate.sum": {
            "value": 110.70105743408203,
            "min": -2.9311559200286865,
            "max": 110.70105743408203,
            "count": 3
        },
        "GeometryDashTrainer.Environment.CumulativeReward.mean": {
            "value": -2.8027947266380506,
            "min": -2.8027947266380506,
            "max": -2.626917507403936,
            "count": 3
        },
        "GeometryDashTrainer.Environment.CumulativeReward.sum": {
            "value": -431.6303879022598,
            "min": -431.6303879022598,
            "max": -406.78635573387146,
            "count": 3
        },
        "GeometryDashTrainer.Policy.ExtrinsicReward.mean": {
            "value": -2.8027947266380506,
            "min": -2.8027947266380506,
            "max": -2.626917507403936,
            "count": 3
        },
        "GeometryDashTrainer.Policy.ExtrinsicReward.sum": {
            "value": -431.6303879022598,
            "min": -431.6303879022598,
            "max": -406.78635573387146,
            "count": 3
        },
        "GeometryDashTrainer.IsTraining.mean": {
            "value": 1.0,
            "min": 1.0,
            "max": 1.0,
            "count": 3
        },
        "GeometryDashTrainer.IsTraining.sum": {
            "value": 1.0,
            "min": 1.0,
            "max": 1.0,
            "count": 3
        },
        "GeometryDashTrainer.Losses.PolicyLoss.mean": {
            "value": 0.024332399888468595,
            "min": 0.024332399888468595,
            "max": 0.024332399888468595,
            "count": 1
        },
        "GeometryDashTrainer.Losses.PolicyLoss.sum": {
            "value": 0.024332399888468595,
            "min": 0.024332399888468595,
            "max": 0.024332399888468595,
            "count": 1
        },
        "GeometryDashTrainer.Losses.ValueLoss.mean": {
            "value": 0.9530628974239032,
            "min": 0.9530628974239032,
            "max": 0.9530628974239032,
            "count": 1
        },
        "GeometryDashTrainer.Losses.ValueLoss.sum": {
            "value": 0.9530628974239032,
            "min": 0.9530628974239032,
            "max": 0.9530628974239032,
            "count": 1
        },
        "GeometryDashTrainer.Policy.LearningRate.mean": {
            "value": 0.0003000000000000001,
            "min": 0.0003000000000000001,
            "max": 0.0003000000000000001,
            "count": 1
        },
        "GeometryDashTrainer.Policy.LearningRate.sum": {
            "value": 0.0003000000000000001,
            "min": 0.0003000000000000001,
            "max": 0.0003000000000000001,
            "count": 1
        },
        "GeometryDashTrainer.Policy.Epsilon.mean": {
            "value": 0.19999999999999993,
            "min": 0.19999999999999993,
            "max": 0.19999999999999993,
            "count": 1
        },
        "GeometryDashTrainer.Policy.Epsilon.sum": {
            "value": 0.19999999999999993,
            "min": 0.19999999999999993,
            "max": 0.19999999999999993,
            "count": 1
        },
        "GeometryDashTrainer.Policy.Beta.mean": {
            "value": 0.005000000000000001,
            "min": 0.005000000000000001,
            "max": 0.005000000000000001,
            "count": 1
        },
        "GeometryDashTrainer.Policy.Beta.sum": {
            "value": 0.005000000000000001,
            "min": 0.005000000000000001,
            "max": 0.005000000000000001,
            "count": 1
        }
    },
    "metadata": {
        "timer_format_version": "0.1.0",
        "start_time_seconds": "1746997250",
        "python_version": "3.10.11 (tags/v3.10.11:7d4cc5a, Apr  5 2023, 00:38:17) [MSC v.1929 64 bit (AMD64)]",
        "command_line_arguments": "D:\\Cours\\Sabrina\\GeoGirl - Copie\\venv-mlagents\\Scripts\\mlagents-learn MLConfig/geometry_dash.yaml --run-id=gd_run_32",
        "mlagents_version": "1.1.0",
        "mlagents_envs_version": "1.1.0",
        "communication_protocol_version": "1.5.0",
        "pytorch_version": "2.7.0+cpu",
        "numpy_version": "1.23.5",
        "end_time_seconds": "1746997505"
    },
    "total": 255.58545070001855,
    "count": 1,
    "self": 10.003353400155902,
    "children": {
        "run_training.setup": {
            "total": 0.057868799893185496,
            "count": 1,
            "self": 0.057868799893185496
        },
        "TrainerController.start_learning": {
            "total": 245.52422849996947,
            "count": 1,
            "self": 0.5716455886140466,
            "children": {
                "TrainerController._reset_env": {
                    "total": 4.281082000117749,
                    "count": 1,
                    "self": 4.281082000117749
                },
                "TrainerController.advance": {
                    "total": 240.6169873115141,
                    "count": 38941,
                    "self": 0.23110293759964406,
                    "children": {
                        "env_step": {
                            "total": 240.38588437391445,
                            "count": 38941,
                            "self": 216.89010682119988,
                            "children": {
                                "SubprocessEnvManager._take_step": {
                                    "total": 23.210093970643356,
                                    "count": 38942,
                                    "self": 0.954811783740297,
                                    "children": {
                                        "TorchPolicy.evaluate": {
                                            "total": 22.25528218690306,
                                            "count": 38942,
                                            "self": 22.25528218690306
                                        }
                                    }
                                },
                                "workers": {
                                    "total": 0.2856835820712149,
                                    "count": 38940,
                                    "self": 0.0,
                                    "children": {
                                        "worker_root": {
                                            "total": 193.51335180806927,
                                            "count": 38940,