{
    "name": "root",
    "gauges": {
        "GeometryDashTrainer.Policy.Entropy.mean": {
            "value": 0.6931201219558716,
            "min": 0.6931073069572449,
            "max": 0.6931447386741638,
            "count": 13
        },
        "GeometryDashTrainer.Policy.Entropy.sum": {
            "value": 1279.499755859375,
            "min": 1279.499755859375,
            "max": 1427.866455078125,
            "count": 13
        },
        "GeometryDashTrainer.Environment.EpisodeLength.mean": {
            "value": 204.0,
            "min": 61.0625,
            "max": 204.0,
            "count": 13
        },
        "GeometryDashTrainer.Environment.EpisodeLength.sum": {
            "value": 1836.0,
            "min": 1836.0,
            "max": 2040.0,
            "count": 13
        },
        "GeometryDashTrainer.Step.mean": {
            "value": 25826.0,
            "min": 1995.0,
            "max": 25826.0,
            "count": 13
        },
        "GeometryDashTrainer.Step.sum": {
            "value": 25826.0,
            "min": 1995.0,
            "max": 25826.0,
            "count": 13
        },
        "GeometryDashTrainer.Policy.ExtrinsicValueEstimate.mean": {
            "value": -0.32549798488616943,
            "min": -0.4188435971736908,
            "max": 0.0034907241351902485,
            "count": 13
        },
        "GeometryDashTrainer.Policy.ExtrinsicValueEstimate.sum": {
            "value": -5.858963489532471,
            "min": -8.376872062683105,
            "max": 0.11170317232608795,
            "count": 13
        },
        "GeometryDashTrainer.Environment.CumulativeReward.mean": {
            "value": -99.46660402086046,
            "min": -102.50994071960449,
            "max": -76.79811452229818,
            "count": 13
        },
        "GeometryDashTrainer.Environment.CumulativeReward.sum": {
            "value": -895.1994361877441,
            "min": -2466.913932800293,
            "max": -895.1994361877441,
            "count": 13
        },
        "GeometryDashTrainer.Policy.ExtrinsicReward.mean": {
            "value": -99.46660402086046,
            "min": -102.50994071960449,
            "max": -76.79811452229818,
            "count": 13
        },
        "GeometryDashTrainer.Policy.ExtrinsicReward.sum": {
            "value": -895.1994361877441,
            "min": -2466.913932800293,
            "max": -895.1994361877441,
            "count": 13
        },
        "GeometryDashTrainer.IsTraining.mean": {
            "value": 1.0,
            "min": 1.0,
            "max": 1.0,
            "count": 13
        },
        "GeometryDashTrainer.IsTraining.sum": {
            "value": 1.0,
            "min": 1.0,
            "max": 1.0,
            "count": 13
        },
        "GeometryDashTrainer.Losses.PolicyLoss.mean": {
            "value": 0.03613352607935667,
            "min": 0.03613352607935667,
            "max": 0.038423418253660205,
            "count": 2
        },
        "GeometryDashTrainer.Losses.PolicyLoss.sum": {
            "value": 0.03613352607935667,
            "min": 0.03613352607935667,
            "max": 0.038423418253660205,
            "count": 2
        },
        "GeometryDashTrainer.Losses.ValueLoss.mean": {
            "value": 695.773779296875,
            "min": 695.773779296875,
            "max": 806.911279296875,
            "count": 2
        },
        "GeometryDashTrainer.Losses.ValueLoss.sum": {
            "value": 695.773779296875,
            "min": 695.773779296875,
            "max": 806.911279296875,
            "count": 2
        },
        "GeometryDashTrainer.Policy.LearningRate.mean": {
            "value": 0.0003,
            "min": 0.0003,
            "max": 0.0003,
            "count": 2
        },
        "GeometryDashTrainer.Policy.LearningRate.sum": {
            "value": 0.0003,
            "min": 0.0003,
            "max": 0.0003,
            "count": 2
        },
        "GeometryDashTrainer.Policy.Epsilon.mean": {
            "value": 0.20000000000000004,
            "min": 0.20000000000000004,
            "max": 0.20000000000000004,
            "count": 2
        },
        "GeometryDashTrainer.Policy.Epsilon.sum": {
            "value": 0.20000000000000004,
            "min": 0.20000000000000004,
            "max": 0.20000000000000004,
            "count": 2
        },
        "GeometryDashTrainer.Policy.Beta.mean": {
            "value": 0.005000000000000001,
            "min": 0.005000000000000001,
            "max": 0.005000000000000001,
            "count": 2
        },
        "GeometryDashTrainer.Policy.Beta.sum": {
            "value": 0.005000000000000001,
            "min": 0.005000000000000001,
            "max": 0.005000000000000001,
            "count": 2
        }
    },
    "metadata": {
        "timer_format_version": "0.1.0",
        "start_time_seconds": "1747000219",
        "python_version": "3.10.11 (tags/v3.10.11:7d4cc5a, Apr  5 2023, 00:38:17) [MSC v.1929 64 bit (AMD64)]",
        "command_line_arguments": "D:\\Cours\\Sabrina\\GeoGirl - Copie\\venv-mlagents\\Scripts\\mlagents-learn MLConfig/geometry_dash.yaml --run-id=gd_run_49",
        "mlagents_version": "1.1.0",
        "mlagents_envs_version": "1.1.0",
        "communication_protocol_version": "1.5.0",
        "pytorch_version": "2.7.0+cpu",
        "numpy_version": "1.23.5",
        "end_time_seconds": "1747000399"
    },
    "total": 180.07524070004,
    "count": 1,
    "self": 0.0025979001075029373,
    "children": {
        "run_training.setup": {
            "total": 0.059036399936303496,
            "count": 1,
            "self": 0.059036399936303496
        },
        "TrainerController.start_learning": {
            "total": 180.0136063999962,
            "count": 1,
            "self": 0.3799414786044508,
            "children": {
                "TrainerController._reset_env": {
                    "total": 4.518295899964869,
                    "count": 1,
                    "self": 4.518295899964869
                },
                "TrainerController.advance": {
                    "total": 175.06258832174353,
                    "count": 27301,
                    "self": 0.1709480253048241,
                    "children": {
                        "env_step": {
                            "total": 174.8916402964387,
                            "count": 27301,
                            "self": 159.18033964303322,
                            "children": {
                                "SubprocessEnvManager._take_step": {
                                    "total": 15.500577386235818,
                                    "count": 27302,
                                    "self": 0.690891862846911,
                                    "children": {
                                        "TorchPolicy.evaluate": {
                                            "total": 14.809685523388907,
                                            "count": 27302,
                                            "self": 14.809685523388907
                                        }
                                    }
                                },
                                "workers": {
                                    "total": 0.21072326716966927,
                                    "count": 27300,
                                    "self": 0.0,
                                    "children": {
                                        "worker_root": {
                                            "total": 153.55501448735595,
                                            "count": 27300,
                                            "is_parallel": true,
                                            "self": 30.94895787164569,