{
    "name": "root",
    "gauges": {
        "GeometryDashTrainer.Policy.Entropy.mean": {
            "value": 0.6917678713798523,
            "min": 0.6917678713798523,
            "max": 0.6931143403053284,
            "count": 3
        },
        "GeometryDashTrainer.Policy.Entropy.sum": {
            "value": 6939.8154296875,
            "min": 6902.7255859375,
            "max": 6965.7880859375,
            "count": 3
        },
        "GeometryDashTrainer.Environment.EpisodeLength.mean": {
            "value": 65.00657894736842,
            "min": 62.8525641025641,
            "max": 65.00657894736842,
            "count": 3
        },
        "GeometryDashTrainer.Environment.EpisodeLength.sum": {
            "value": 9881.0,
            "min": 9805.0,
            "max": 9890.0,
            "count": 3
        },
        "GeometryDashTrainer.Step.mean": {
            "value": 29985.0,
            "min": 9990.0,
            "max": 29985.0,
            "count": 3
        },
        "GeometryDashTrainer.Step.sum": {
            "value": 29985.0,
            "min": 9990.0,
            "max": 29985.0,
            "count": 3
        },
        "GeometryDashTrainer.Policy.ExtrinsicValueEstimate.mean": {
            "value": 0.8090157508850098,
            "min": -0.09793387353420258,
            "max": 0.8090157508850098,
            "count": 3
        },
        "GeometryDashTrainer.Policy.ExtrinsicValueEstimate.sum": {
            "value": 122.97039031982422,
            "min": -15.277684211730957,
            "max": 122.97039031982422,
            "count": 3
        },
        "GeometryDashTrainer.Environment.CumulativeReward.mean": {
            "value": 4.903387659474423,
            "min": 4.803408356813284,
            "max": 4.903387659474423,
            "count": 3
        },
        "GeometryDashTrainer.Environment.CumulativeReward.sum": {
            "value": 745.3149242401123,
            "min": 745.3149242401123,
            "max": 750.6798691749573,
            "count": 3
        },
        "GeometryDashTrainer.Policy.ExtrinsicReward.mean": {
            "value": 4.903387659474423,
            "min": 4.803408356813284,
            "max": 4.903387659474423,
            "count": 3
        },
        "GeometryDashTrainer.Policy.ExtrinsicReward.sum": {
            "value": 745.3149242401123,
            "min": 745.3149242401123,
            "max": 750.6798691749573,
            "count": 3
        },
        "GeometryDashTrainer.IsTraining.mean": {
            "value": 1.0,
            "min": 1.0,
            "max": 1.0,
            "count": 3
        },
        "GeometryDashTrainer.IsTraining.sum": {
            "value": 1.0,
            "min": 1.0,
            "max": 1.0,
            "count": 3
        },
        "GeometryDashTrainer.Losses.PolicyLoss.mean": {
            "value": 0.025114994963708646,
            "min": 0.025114994963708646,
            "max": 0.025114994963708646,
            "count": 1
        },
        "GeometryDashTrainer.Losses.PolicyLoss.sum": {
            "value": 0.025114994963708646,
            "min": 0.025114994963708646,
            "max": 0.025114994963708646,
            "count": 1
        },
        "GeometryDashTrainer.Losses.ValueLoss.mean": {
            "value": 0.3974900263051192,
            "min": 0.3974900263051192,
            "max": 0.3974900263051192,
            "count": 1
        },
        "GeometryDashTrainer.Losses.ValueLoss.sum": {
            "value": 0.3974900263051192,
            "min": 0.3974900263051192,
            "max": 0.3974900263051192,
            "count": 1
        },
        "GeometryDashTrainer.Policy.LearningRate.mean": {
            "value": 0.0003000000000000001,
            "min": 0.0003000000000000001,
            "max": 0.0003000000000000001,
            "count": 1
        },
        "GeometryDashTrainer.Policy.LearningRate.sum": {
            "value": 0.0003000000000000001,
            "min": 0.0003000000000000001,
            "max": 0.0003000000000000001,
            "count": 1
        },
        "GeometryDashTrainer.Policy.Epsilon.mean": {
            "value": 0.19999999999999993,
            "min": 0.19999999999999993,
            "max": 0.19999999999999993,
            "count": 1
        },
        "GeometryDashTrainer.Policy.Epsilon.sum": {
            "value": 0.19999999999999993,
            "min": 0.19999999999999993,
            "max": 0.19999999999999993,
            "count": 1
        },
        "GeometryDashTrainer.Policy.Beta.mean": {
            "value": 0.005000000000000001,
            "min": 0.005000000000000001,
            "max": 0.005000000000000001,
            "count": 1
        },
        "GeometryDashTrainer.Policy.Beta.sum": {
            "value": 0.005000000000000001,
            "min": 0.005000000000000001,
            "max": 0.005000000000000001,
            "count": 1
        }
    },
    "metadata": {
        "timer_format_version": "0.1.0",
        "start_time_seconds": "1746995997",
        "python_version": "3.10.11 (tags/v3.10.11:7d4cc5a, Apr  5 2023, 00:38:17) [MSC v.1929 64 bit (AMD64)]",
        "command_line_arguments": "D:\\Cours\\Sabrina\\GeoGirl - Copie\\venv-mlagents\\Scripts\\mlagents-learn MLConfig/geometry_dash.yaml --run-id=gd_run_23",
        "mlagents_version": "1.1.0",
        "mlagents_envs_version": "1.1.0",
        "communication_protocol_version": "1.5.0",
        "pytorch_version": "2.7.0+cpu",
        "numpy_version": "1.23.5",
        "end_time_seconds": "1746996232"
    },
    "total": 235.26253830012865,
    "count": 1,
    "self": 0.002580400090664625,
    "children": {
        "run_training.setup": {
            "total": 0.05464139999821782,
            "count": 1,
            "self": 0.05464139999821782
        },
        "TrainerController.start_learning": {
            "total": 235.20531650003977,
            "count": 1,
            "self": 0.41882178210653365,
            "children": {
                "TrainerController._reset_env": {
                    "total": 9.768716900143772,
                    "count": 1,
                    "self": 9.768716900143772
                },
                "TrainerController.advance": {
                    "total": 224.96790011785924,
                    "count": 31485,
                    "self": 0.18381354049779475,
                    "children": {
                        "env_step": {
                            "total": 224.78408657736145,
                            "count": 31485,
                            "self": 206.40018216962926,
                            "children": {
                                "SubprocessEnvManager._take_step": {
                                    "total": 18.148269490804523,
                                    "count": 31485,
                                    "self": 0.7723269935231656,
                                    "children": {
                                        "TorchPolicy.evaluate": {
                                            "total": 17.375942497281358,
                                            "count": 31485,
                                            "self": 17.375942497281358
                                        }
                                    }
                                },
                                "workers": {
                                    "total": 0.23563491692766547,
                                    "count": 31484,
                                    "self": 0.0,
                                    "children": {
                                        "worker_root": {
                                            "total": 179.1043413814623,
                                            "count": 31484,