{
    "name": "root",
    "metadata": {
        "timer_format_version": "0.1.0",
        "start_time_seconds": "1746990414",
        "python_version": "3.10.11 (tags/v3.10.11:7d4cc5a, Apr  5 2023, 00:38:17) [MSC v.1929 64 bit (AMD64)]",
        "command_line_arguments": "D:\\Cours\\Sabrina\\GeoGirl - Copie\\venv-mlagents\\Scripts\\mlagents-learn MLConfig/geometry_dash.yaml --run-id=gd_run_2",
        "mlagents_version": "1.1.0",
        "mlagents_envs_version": "1.1.0",
        "communication_protocol_version": "1.5.0",
        "pytorch_version": "2.7.0+cpu",
        "numpy_version": "1.23.5",
        "end_time_seconds": "1746990447"
    },
    "total": 33.26921749999747,
    "count": 1,
    "self": 0.002538600005209446,
    "children": {
        "run_training.setup": {
            "total": 0.05231110006570816,
            "count": 1,
            "self": 0.05231110006570816
        },
        "TrainerController.start_learning": {
            "total": 33.21436779992655,
            "count": 1,
            "self": 0.014341799775138497,
            "children": {
                "TrainerController._reset_env": {
                    "total": 7.984802700113505,
                    "count": 1,
                    "self": 7.984802700113505
                },
                "TrainerController.advance": {
                    "total": 25.138467999873683,
                    "count": 1,
                    "self": 9.599840268492699e-06,
                    "children": {
                        "env_step": {
                            "total": 25.138458400033414,
                            "count": 1,
                            "self": 25.13845290010795,
                            "children": {
                                "SubprocessEnvManager._take_step": {
                                    "total": 5.499925464391708e-06,
                                    "count": 1,
                                    "self": 5.499925464391708e-06
                                }
                            }
                        }
                    }
                },
                "trainer_threads": {
                    "total": 1.740013249218464e-05,
                    "count": 1,
                    "self": 1.740013249218464e-05,
                    "children": {
                        "thread_root": {
                            "total": 0.0,
                            "count": 0,
                            "is_parallel": true,
                            "self": 0.0,
                            "children": {
                                "trainer_advance": {
                                    "total": 25.133444196311757,
                                    "count": 1615,
                                    "is_parallel": true,
                                    "self": 0.038790689781308174,
                                    "children": {
                                        "process_trajectory": {
                                            "total": 25.09465350653045,
                                            "count": 1615,
                                            "is_parallel": true,
                                            "self": 25.09465350653045
                                        }
                                    }
                                }
                            }
                        }
                    }
                },
                "TrainerController._save_models": {
                    "total": 0.07673790003173053,
                    "count": 1,
                    "self": 0.006038000108674169,
                    "children": {
                        "RLTrainer._checkpoint": {
                            "total": 0.07069989992305636,
                            "count": 1,
                            "self": 0.07069989992305636
                        }
                    }
                }
            }
        }
    }
}