{
    "name": "root",
    "metadata": {
        "timer_format_version": "0.1.0",
        "start_time_seconds": "1746990724",
        "python_version": "3.10.11 (tags/v3.10.11:7d4cc5a, Apr  5 2023, 00:38:17) [MSC v.1929 64 bit (AMD64)]",
        "command_line_arguments": "D:\\Cours\\Sabrina\\GeoGirl - Copie\\venv-mlagents\\Scripts\\mlagents-learn MLConfig/geometry_dash.yaml --run-id=gd_run_5",
        "mlagents_version": "1.1.0",
        "mlagents_envs_version": "1.1.0",
        "communication_protocol_version": "1.5.0",
        "pytorch_version": "2.7.0+cpu",
        "numpy_version": "1.23.5",
        "end_time_seconds": "1746990799"
    },
    "total": 74.47632550005801,
    "count": 1,
    "self": 0.00399480015039444,
    "children": {
        "run_training.setup": {
            "total": 0.05764460004866123,
            "count": 1,
            "self": 0.05764460004866123
        },
        "TrainerController.start_learning": {
            "total": 74.41468609985895,
            "count": 1,
            "self": 8.420017547905445e-05,
            "children": {
                "TrainerController._reset_env": {
                    "total": 5.317943299887702,
                    "count": 1,
                    "self": 5.317943299887702
                },
                "TrainerController.advance": {
                    "total": 69.04005689988844,
                    "count": 1,
                    "self": 7.3998235166072845e-06,
                    "children": {
                        "env_step": {
                            "total": 69.04004950006492,
                            "count": 1,
                            "self": 69.04004579992034,
                            "children": {
                                "SubprocessEnvManager._take_step": {
                                    "total": 3.700144588947296e-06,
                                    "count": 1,
                                    "self": 3.700144588947296e-06
                                }
                            }
                        }
                    }
                },
                "TrainerController._save_models": {
                    "total": 0.05660169990733266,
                    "count": 1,
                    "self": 0.006525599863380194,
                    "children": {
                        "RLTrainer._checkpoint": {
                            "total": 0.050076100043952465,
                            "count": 1,
                            "self": 0.050076100043952465
                        }
                    }
                }
            }
        }
    }
}