{
    "name": "root",
    "metadata": {
        "timer_format_version": "0.1.0",
        "start_time_seconds": "1746998613",
        "python_version": "3.10.11 (tags/v3.10.11:7d4cc5a, Apr  5 2023, 00:38:17) [MSC v.1929 64 bit (AMD64)]",
        "command_line_arguments": "D:\\Cours\\Sabrina\\GeoGirl - Copie\\venv-mlagents\\Scripts\\mlagents-learn MLConfig/geometry_dash.yaml --run-id=gd_run_38",
        "mlagents_version": "1.1.0",
        "mlagents_envs_version": "1.1.0",
        "communication_protocol_version": "1.5.0",
        "pytorch_version": "2.7.0+cpu",
        "numpy_version": "1.23.5",
        "end_time_seconds": "1746998665"
    },
    "total": 51.5261596001219,
    "count": 1,
    "self": 0.002547200070694089,
    "children": {
        "run_training.setup": {
            "total": 0.05529229994863272,
            "count": 1,
            "self": 0.05529229994863272
        },
        "TrainerController.start_learning": {
            "total": 51.468320100102574,
            "count": 1,
            "self": 0.01498830015771091,
            "children": {
                "TrainerController._reset_env": {
                    "total": 11.64605739992112,
                    "count": 1,
                    "self": 11.64605739992112
                },
                "TrainerController.advance": {
                    "total": 39.76067050010897,
                    "count": 836,
                    "self": 0.005171497818082571,
                    "children": {
                        "env_step": {
                            "total": 39.75549900229089,
                            "count": 836,
                            "self": 39.278906896477565,
                            "children": {
                                "SubprocessEnvManager._take_step": {
                                    "total": 0.4705514037050307,
                                    "count": 836,
                                    "self": 0.02101610670797527,
                                    "children": {
                                        "TorchPolicy.evaluate": {
                                            "total": 0.4495352969970554,
                                            "count": 836,
                                            "self": 0.4495352969970554
                                        }
                                    }
                                },
                                "workers": {
                                    "total": 0.006040702108293772,
                                    "count": 835,
                                    "self": 0.0,
                                    "children": {
                                        "worker_root": {
                                            "total": 5.121325497282669,
                                            "count": 835,
                                            "is_parallel": true,
                                            "self": 1.6845931934658438,
                                            "children": {
                                                "steps_from_proto": {
                                                    "total": 0.00033359997905790806,
                                                    "count": 1,
                                                    "is_parallel": true,
                                                    "self": 0.00015149987302720547,
                                                    "children": {
                                                        "_process_rank_one_or_two_observation": {
                                                            "total": 0.0001821001060307026,
                                                            "count": 2,
                                                            "is_parallel": true,
                                                            "self": 0.0001821001060307026
                                                        }
                                                    }
                                                },
                                                "UnityEnvironment.step": {
                                                    "total": 3.4363987038377672,
                                                    "count": 835,
                                                    "is_parallel": true,
                                                    "self": 0.041926902486011386,
                                                    "children": {
                                                        "UnityEnvironment._generate_step_input": {
                                                            "total": 0.029532201355323195,
                                                            "count": 835,
                                                            "is_parallel": true,
                                                            "self": 0.029532201355323195
                                                        },
                                                        "communicator.exchange": {
                                                            "total": 3.2315693995915353,
                                                            "count": 835,
                                                            "is_parallel": true,
                                                            "self": 3.2315693995915353
                                                        },
                                                        "steps_from_proto": {
                                                            "total": 0.13337020040489733,
                                                            "count": 835,
                                                            "is_parallel": true,
                                                            "self": 0.06502419896423817,
                                                            "children": {
                                                                "_process_rank_one_or_two_observation": {
                                                                    "total": 0.06834600144065917,
                                                                    "count": 1670,
                                                                    "is_parallel": true,
                                                                    "self": 0.06834600144065917
                                                                }
                                                            }
                                                        }
                                                    }
                                                }
                                            }
                                        }
                                    }
                                }
                            }
                        }
                    }
                },
                "trainer_threads": {
                    "total": 1.1800089851021767e-05,
                    "count": 1,
                    "self": 1.1800089851021767e-05,
                    "children": {
                        "thread_root": {
                            "total": 0.0,
                            "count": 0,
                            "is_parallel": true,
                            "self": 0.0,
                            "children": {
                                "trainer_advance": {
                                    "total": 39.74705019197427,
                                    "count": 2557,
                                    "is_parallel": true,
                                    "self": 0.07539809262380004,