{
    "name": "root",
    "gauges": {
        "GeometryDashTrainer.Policy.Entropy.mean": {
            "value": 0.6878769993782043,
            "min": 0.6871998310089111,
            "max": 0.6931456923484802,
            "count": 14
        },
        "GeometryDashTrainer.Policy.Entropy.sum": {
            "value": 1280.8270263671875,
            "min": 1280.8270263671875,
            "max": 1517.2955322265625,
            "count": 14
        },
        "GeometryDashTrainer.Environment.EpisodeLength.mean": {
            "value": 87.71428571428571,
            "min": 36.851851851851855,
            "max": 121.625,
            "count": 14
        },
        "GeometryDashTrainer.Environment.EpisodeLength.sum": {
            "value": 1842.0,
            "min": 1814.0,
            "max": 2147.0,
            "count": 14
        },
        "GeometryDashTrainer.Step.mean": {
            "value": 27951.0,
            "min": 1999.0,
            "max": 27951.0,
            "count": 14
        },
        "GeometryDashTrainer.Step.sum": {
            "value": 27951.0,
            "min": 1999.0,
            "max": 27951.0,
            "count": 14
        },
        "GeometryDashTrainer.Policy.ExtrinsicValueEstimate.mean": {
            "value": -24.623218536376953,
            "min": -25.087614059448242,
            "max": 0.021450640633702278,
            "count": 14
        },
        "GeometryDashTrainer.Policy.ExtrinsicValueEstimate.sum": {
            "value": -517.0875854492188,
            "min": -704.8756103515625,
            "max": 1.1368839740753174,
            "count": 14
        },
        "GeometryDashTrainer.Environment.CumulativeReward.mean": {
            "value": -116.61666397821335,
            "min": -116.61666397821335,
            "max": -111.27662773852079,
            "count": 14
        },
        "GeometryDashTrainer.Environment.CumulativeReward.sum": {
            "value": -2448.9499435424805,
            "min": -5897.661270141602,
            "max": -1856.9976959228516,
            "count": 14
        },
        "GeometryDashTrainer.Policy.ExtrinsicReward.mean": {
            "value": -116.61666397821335,
            "min": -116.61666397821335,
            "max": -111.27662773852079,
            "count": 14
        },
        "GeometryDashTrainer.Policy.ExtrinsicReward.sum": {
            "value": -2448.9499435424805,
            "min": -5897.661270141602,
            "max": -1856.9976959228516,
            "count": 14
        },
        "GeometryDashTrainer.IsTraining.mean": {
            "value": 1.0,
            "min": 1.0,
            "max": 1.0,
            "count": 14
        },
        "GeometryDashTrainer.IsTraining.sum": {
            "value": 1.0,
            "min": 1.0,
            "max": 1.0,
            "count": 14
        },
        "GeometryDashTrainer.Losses.PolicyLoss.mean": {
            "value": 0.029164072421068946,
            "min": 0.029164072421068946,
            "max": 0.029164072421068946,
            "count": 1
        },
        "GeometryDashTrainer.Losses.PolicyLoss.sum": {
            "value": 0.029164072421068946,
            "min": 0.029164072421068946,
            "max": 0.029164072421068946,
            "count": 1
        },
        "GeometryDashTrainer.Losses.ValueLoss.mean": {
            "value": 620.6643987019856,
            "min": 620.6643987019856,
            "max": 620.6643987019856,
            "count": 1
        },
        "GeometryDashTrainer.Losses.ValueLoss.sum": {
            "value": 620.6643987019856,
            "min": 620.6643987019856,
            "max": 620.6643987019856,
            "count": 1
        },
        "GeometryDashTrainer.Policy.LearningRate.mean": {
            "value": 0.0002998768140410619,
            "min": 0.0002998768140410619,
            "max": 0.0002998768140410619,
            "count": 1
        },
        "GeometryDashTrainer.Policy.LearningRate.sum": {
            "value": 0.0002998768140410619,
            "min": 0.0002998768140410619,
            "max": 0.0002998768140410619,
            "count": 1
        },
        "GeometryDashTrainer.Policy.Epsilon.mean": {
            "value": 0.199958938,
            "min": 0.199958938,
            "max": 0.199958938,
            "count": 1
        },
        "GeometryDashTrainer.Policy.Epsilon.sum": {
            "value": 0.199958938,
            "min": 0.199958938,
            "max": 0.199958938,
            "count": 1
        },
        "GeometryDashTrainer.Policy.Beta.mean": {
            "value": 0.0014993881762000003,
            "min": 0.0014993881762000003,
            "max": 0.0014993881762000003,
            "count": 1
        },
        "GeometryDashTrainer.Policy.Beta.sum": {
            "value": 0.0014993881762000003,
            "min": 0.0014993881762000003,
            "max": 0.0014993881762000003,
            "count": 1
        }
    },
    "metadata": {
        "timer_format_version": "0.1.0",
        "start_time_seconds": "1747481103",
        "python_version": "3.10.11 (tags/v3.10.11:7d4cc5a, Apr  5 2023, 00:38:17) [MSC v.1929 64 bit (AMD64)]",
        "command_line_arguments": "D:\\Cours\\Sabrina\\GeoGirl - Copie\\venv-mlagents\\Scripts\\mlagents-learn MLConfig/geometry_dash.yaml --run-id=GeometryDashTrainer --force",
        "mlagents_version": "1.1.0",
        "mlagents_envs_version": "1.1.0",
        "communication_protocol_version": "1.5.0",
        "pytorch_version": "2.7.0+cpu",
        "numpy_version": "1.23.5",
        "end_time_seconds": "1747481242"
    },
    "total": 139.29839640000137,
    "count": 1,
    "self": 0.0030950999935157597,
    "children": {
        "run_training.setup": {
            "total": 0.06122040000627749,
            "count": 1,
            "self": 0.06122040000627749
        },
        "TrainerController.start_learning": {
            "total": 139.23408090000157,
            "count": 1,
            "self": 0.38619310010108165,
            "children": {
                "TrainerController._reset_env": {
                    "total": 5.788161200005561,
                    "count": 1,
                    "self": 5.788161200005561
                },
                "TrainerController.advance": {
                    "total": 132.98560969988466,
                    "count": 28048,
                    "self": 0.15630279708420858,
                    "children": {
                        "env_step": {
                            "total": 132.82930690280045,
                            "count": 28048,
                            "self": 114.60134040014236,
                            "children": {
                                "SubprocessEnvManager._take_step": {
                                    "total": 18.025649600254837,
                                    "count": 28048,
                                    "self": 0.6397372990322765,
                                    "children": {
                                        "TorchPolicy.evaluate": {
                                            "total": 17.38591230122256,
                                            "count": 28048,
                                            "self": 17.38591230122256
                                        }
                                    }
                                },
                                "workers": {
                                    "total": 0.20231690240325406,
                                    "count": 28047,
                                    "self": 0.0,
                                    "children": {
                                        "worker_root": {
                                            "total": 127.01957089995267,
                                            "count": 28047,