{
    "name": "root",
    "gauges": {
        "GeometryDashTrainer.Policy.Entropy.mean": {
            "value": 0.6907728910446167,
            "min": 0.6904287934303284,
            "max": 0.6931130886077881,
            "count": 4
        },
        "GeometryDashTrainer.Policy.Entropy.sum": {
            "value": 6889.7685546875,
            "min": 6659.8759765625,
            "max": 7211.1484375,
            "count": 4
        },
        "GeometryDashTrainer.Environment.EpisodeLength.mean": {
            "value": 71.27536231884058,
            "min": 58.11363636363637,
            "max": 81.47008547008546,
            "count": 4
        },
        "GeometryDashTrainer.Environment.EpisodeLength.sum": {
            "value": 9836.0,
            "min": 9532.0,
            "max": 10228.0,
            "count": 4
        },
        "GeometryDashTrainer.Step.mean": {
            "value": 39926.0,
            "min": 9554.0,
            "max": 39926.0,
            "count": 4
        },
        "GeometryDashTrainer.Step.sum": {
            "value": 39926.0,
            "min": 9554.0,
            "max": 39926.0,
            "count": 4
        },
        "GeometryDashTrainer.Policy.ExtrinsicValueEstimate.mean": {
            "value": 1.1293514966964722,
            "min": -0.21189922094345093,
            "max": 1.1401703357696533,
            "count": 4
        },
        "GeometryDashTrainer.Policy.ExtrinsicValueEstimate.sum": {
            "value": 154.72116088867188,
            "min": -33.056278228759766,
            "max": 154.72116088867188,
            "count": 4
        },
        "GeometryDashTrainer.Environment.CumulativeReward.mean": {
            "value": 6.010887292179748,
            "min": 4.695638141848824,
            "max": 7.284114845797547,
            "count": 4
        },
        "GeometryDashTrainer.Environment.CumulativeReward.sum": {
            "value": 823.4915590286255,
            "min": 767.6617660522461,
            "max": 852.241436958313,
            "count": 4
        },
        "GeometryDashTrainer.Policy.ExtrinsicReward.mean": {
            "value": 6.010887292179748,
            "min": 4.695638141848824,
            "max": 7.284114845797547,
            "count": 4
        },
        "GeometryDashTrainer.Policy.ExtrinsicReward.sum": {
            "value": 823.4915590286255,
            "min": 767.6617660522461,
            "max": 852.241436958313,
            "count": 4
        },
        "GeometryDashTrainer.IsTraining.mean": {
            "value": 1.0,
            "min": 1.0,
            "max": 1.0,
            "count": 4
        },
        "GeometryDashTrainer.IsTraining.sum": {
            "value": 1.0,
            "min": 1.0,
            "max": 1.0,
            "count": 4
        },
        "GeometryDashTrainer.Losses.PolicyLoss.mean": {
            "value": 0.025346220408876737,
            "min": 0.025346220408876737,
            "max": 0.025346220408876737,
            "count": 1
        },
        "GeometryDashTrainer.Losses.PolicyLoss.sum": {
            "value": 0.025346220408876737,
            "min": 0.025346220408876737,
            "max": 0.025346220408876737,
            "count": 1
        },
        "GeometryDashTrainer.Losses.ValueLoss.mean": {
            "value": 0.8761309777696927,
            "min": 0.8761309777696927,
            "max": 0.8761309777696927,
            "count": 1
        },
        "GeometryDashTrainer.Losses.ValueLoss.sum": {
            "value": 0.8761309777696927,
            "min": 0.8761309777696927,
            "max": 0.8761309777696927,
            "count": 1
        },
        "GeometryDashTrainer.Policy.LearningRate.mean": {
            "value": 0.0003000000000000001,
            "min": 0.0003000000000000001,
            "max": 0.0003000000000000001,
            "count": 1
        },
        "GeometryDashTrainer.Policy.LearningRate.sum": {
            "value": 0.0003000000000000001,
            "min": 0.0003000000000000001,
            "max": 0.0003000000000000001,
            "count": 1
        },
        "GeometryDashTrainer.Policy.Epsilon.mean": {
            "value": 0.19999999999999993,
            "min": 0.19999999999999993,
            "max": 0.19999999999999993,
            "count": 1
        },
        "GeometryDashTrainer.Policy.Epsilon.sum": {
            "value": 0.19999999999999993,
            "min": 0.19999999999999993,
            "max": 0.19999999999999993,
            "count": 1
        },
        "GeometryDashTrainer.Policy.Beta.mean": {
            "value": 0.005000000000000001,
            "min": 0.005000000000000001,
            "max": 0.005000000000000001,
            "count": 1
        },
        "GeometryDashTrainer.Policy.Beta.sum": {
            "value": 0.005000000000000001,
            "min": 0.005000000000000001,
            "max": 0.005000000000000001,
            "count": 1
        }
    },
    "metadata": {
        "timer_format_version": "0.1.0",
        "start_time_seconds": "1746992420",
        "python_version": "3.10.11 (tags/v3.10.11:7d4cc5a, Apr  5 2023, 00:38:17) [MSC v.1929 64 bit (AMD64)]",
        "command_line_arguments": "D:\\Cours\\Sabrina\\GeoGirl - Copie\\venv-mlagents\\Scripts\\mlagents-learn MLConfig/geometry_dash.yaml --run-id=gd_run_15",
        "mlagents_version": "1.1.0",
        "mlagents_envs_version": "1.1.0",
        "communication_protocol_version": "1.5.0",
        "pytorch_version": "2.7.0+cpu",
        "numpy_version": "1.23.5",
        "end_time_seconds": "1746992623"
    },
    "total": 203.1865651998669,
    "count": 1,
    "self": 0.002804399933665991,
    "children": {
        "run_training.setup": {
            "total": 0.053486800054088235,
            "count": 1,
            "self": 0.053486800054088235
        },
        "TrainerController.start_learning": {
            "total": 203.13027399987914,
            "count": 1,
            "self": 0.5378322897013277,
            "children": {
                "TrainerController._reset_env": {
                    "total": 5.9677669000811875,
                    "count": 1,
                    "self": 5.9677669000811875
                },
                "TrainerController.advance": {
                    "total": 196.56977091007866,
                    "count": 48563,
                    "self": 0.24246319383382797,
                    "children": {
                        "env_step": {
                            "total": 196.32730771624483,
                            "count": 48563,
                            "self": 170.39728834549896,
                            "children": {
                                "SubprocessEnvManager._take_step": {
                                    "total": 25.622984875924885,
                                    "count": 48563,
                                    "self": 1.0864415329415351,
                                    "children": {
                                        "TorchPolicy.evaluate": {
                                            "total": 24.53654334298335,
                                            "count": 48563,
                                            "self": 24.53654334298335
                                        }
                                    }
                                },
                                "workers": {
                                    "total": 0.3070344948209822,
                                    "count": 48562,
                                    "self": 0.0,
                                    "children": {
                                        "worker_root": {
                                            "total": 194.51923769176938,
                                            "count": 48562,
                                            "is_parallel": true,