{
    "name": "root",
    "gauges": {
        "GeometryDashTrainer.Policy.Entropy.mean": {
            "value": 0.693131148815155,
            "min": 0.693131148815155,
            "max": 0.693131148815155,
            "count": 1
        },
        "GeometryDashTrainer.Policy.Entropy.sum": {
            "value": 6974.978515625,
            "min": 6974.978515625,
            "max": 6974.978515625,
            "count": 1
        },
        "GeometryDashTrainer.Environment.EpisodeLength.mean": {
            "value": 63.903225806451616,
            "min": 63.903225806451616,
            "max": 63.903225806451616,
            "count": 1
        },
        "GeometryDashTrainer.Environment.EpisodeLength.sum": {
            "value": 9905.0,
            "min": 9905.0,
            "max": 9905.0,
            "count": 1
        },
        "GeometryDashTrainer.Step.mean": {
            "value": 9999.0,
            "min": 9999.0,
            "max": 9999.0,
            "count": 1
        },
        "GeometryDashTrainer.Step.sum": {
            "value": 9999.0,
            "min": 9999.0,
            "max": 9999.0,
            "count": 1
        },
        "GeometryDashTrainer.Policy.ExtrinsicValueEstimate.mean": {
            "value": 0.02164427563548088,
            "min": 0.02164427563548088,
            "max": 0.02164427563548088,
            "count": 1
        },
        "GeometryDashTrainer.Policy.ExtrinsicValueEstimate.sum": {
            "value": 3.333218574523926,
            "min": 3.333218574523926,
            "max": 3.333218574523926,
            "count": 1
        },
        "GeometryDashTrainer.Environment.CumulativeReward.mean": {
            "value": 4.8680546438539185,
            "min": 4.8680546438539185,
            "max": 4.8680546438539185,
            "count": 1
        },
        "GeometryDashTrainer.Environment.CumulativeReward.sum": {
            "value": 749.6804151535034,
            "min": 749.6804151535034,
            "max": 749.6804151535034,
            "count": 1
        },
        "GeometryDashTrainer.Policy.ExtrinsicReward.mean": {
            "value": 4.8680546438539185,
            "min": 4.8680546438539185,
            "max": 4.8680546438539185,
            "count": 1
        },
        "GeometryDashTrainer.Policy.ExtrinsicReward.sum": {
            "value": 749.6804151535034,
            "min": 749.6804151535034,
            "max": 749.6804151535034,
            "count": 1
        },
        "GeometryDashTrainer.IsTraining.mean": {
            "value": 1.0,
            "min": 1.0,
            "max": 1.0,
            "count": 1
        },
        "GeometryDashTrainer.IsTraining.sum": {
            "value": 1.0,
            "min": 1.0,
            "max": 1.0,
            "count": 1
        }
    },
    "metadata": {
        "timer_format_version": "0.1.0",
        "start_time_seconds": "1746996334",
        "python_version": "3.10.11 (tags/v3.10.11:7d4cc5a, Apr  5 2023, 00:38:17) [MSC v.1929 64 bit (AMD64)]",
        "command_line_arguments": "D:\\Cours\\Sabrina\\GeoGirl - Copie\\venv-mlagents\\Scripts\\mlagents-learn MLConfig/geometry_dash.yaml --run-id=gd_run_25",
        "mlagents_version": "1.1.0",
        "mlagents_envs_version": "1.1.0",
        "communication_protocol_version": "1.5.0",
        "pytorch_version": "2.7.0+cpu",
        "numpy_version": "1.23.5",
        "end_time_seconds": "1746996460"
    },
    "total": 126.43488040007651,
    "count": 1,
    "self": 10.002944600069895,
    "children": {
        "run_training.setup": {
            "total": 0.05907490011304617,
            "count": 1,
            "self": 0.05907490011304617
        },
        "TrainerController.start_learning": {
            "total": 116.37286089989357,
            "count": 1,
            "self": 0.24831319833174348,
            "children": {
                "TrainerController._reset_env": {
                    "total": 3.948011500062421,
                    "count": 1,
                    "self": 3.948011500062421
                },
                "TrainerController.advance": {
                    "total": 112.1219103015028,
                    "count": 18262,
                    "self": 0.10491909319534898,
                    "children": {
                        "env_step": {
                            "total": 112.01699120830745,
                            "count": 18262,
                            "self": 101.59610821004026,
                            "children": {
                                "SubprocessEnvManager._take_step": {
                                    "total": 10.290723185287789,
                                    "count": 18263,
                                    "self": 0.4448043766897172,
                                    "children": {
                                        "TorchPolicy.evaluate": {
                                            "total": 9.845918808598071,
                                            "count": 18262,
                                            "self": 9.845918808598071
                                        }
                                    }
                                },
                                "workers": {
                                    "total": 0.13015981297940016,
                                    "count": 18261,
                                    "self": 0.0,
                                    "children": {
                                        "worker_root": {
                                            "total": 91.20972250332125,
                                            "count": 18261,
                                            "is_parallel": true,
                                            "self": 20.771640418563038,
                                            "children": {
                                                "steps_from_proto": {
                                                    "total": 0.00029619992710649967,
                                                    "count": 1,
                                                    "is_parallel": true,
                                                    "self": 0.00014149979688227177,
                                                    "children": {
                                                        "_process_rank_one_or_two_observation": {
                                                            "total": 0.0001547001302242279,
                                                            "count": 2,
                                                            "is_parallel": true,
                                                            "self": 0.0001547001302242279
                                                        }
                                                    }
                                                },
                                                "UnityEnvironment.step": {
                                                    "total": 70.4377858848311,
                                                    "count": 18261,
                                                    "is_parallel": true,
                                                    "self": 0.9093566746450961,
                                                    "children": {
                                                        "UnityEnvironment._generate_step_input": {
                                                            "total": 0.6034098039381206,
                                                            "count": 18261,
                                                            "is_parallel": true,
                                                            "self": 0.6034098039381206
                                                        },