{
    "name": "root",
    "gauges": {
        "GeometryDashTrainer.Policy.Entropy.mean": {
            "value": 0.6931267380714417,
            "min": 0.6931260228157043,
            "max": 0.6931395530700684,
            "count": 14
        },
        "GeometryDashTrainer.Policy.Entropy.sum": {
            "value": 1389.7191162109375,
            "min": 1369.642822265625,
            "max": 1407.7576904296875,
            "count": 14
        },
        "GeometryDashTrainer.Environment.EpisodeLength.mean": {
            "value": 61.625,
            "min": 58.529411764705884,
            "max": 63.54838709677419,
            "count": 14
        },
        "GeometryDashTrainer.Environment.EpisodeLength.sum": {
            "value": 1972.0,
            "min": 1943.0,
            "max": 1999.0,
            "count": 14
        },
        "GeometryDashTrainer.Step.mean": {
            "value": 27975.0,
            "min": 1959.0,
            "max": 27975.0,
            "count": 14
        },
        "GeometryDashTrainer.Step.sum": {
            "value": 27975.0,
            "min": 1959.0,
            "max": 27975.0,
            "count": 14
        },
        "GeometryDashTrainer.Policy.ExtrinsicValueEstimate.mean": {
            "value": -0.06632286310195923,
            "min": -0.06715509295463562,
            "max": 0.010277860797941685,
            "count": 14
        },
        "GeometryDashTrainer.Policy.ExtrinsicValueEstimate.sum": {
            "value": -2.1223316192626953,
            "min": -2.14896297454834,
            "max": 0.3391694128513336,
            "count": 14
        },
        "GeometryDashTrainer.Environment.CumulativeReward.mean": {
            "value": -78.7814793586731,
            "min": -79.11079855526195,
            "max": -78.29410696029663,
            "count": 14
        },
        "GeometryDashTrainer.Environment.CumulativeReward.sum": {
            "value": -2521.007339477539,
            "min": -2689.7671508789062,
            "max": -2430.449234008789,
            "count": 14
        },
        "GeometryDashTrainer.Policy.ExtrinsicReward.mean": {
            "value": -78.7814793586731,
            "min": -79.11079855526195,
            "max": -78.29410696029663,
            "count": 14
        },
        "GeometryDashTrainer.Policy.ExtrinsicReward.sum": {
            "value": -2521.007339477539,
            "min": -2689.7671508789062,
            "max": -2430.449234008789,
            "count": 14
        },
        "GeometryDashTrainer.IsTraining.mean": {
            "value": 1.0,
            "min": 1.0,
            "max": 1.0,
            "count": 14
        },
        "GeometryDashTrainer.IsTraining.sum": {
            "value": 1.0,
            "min": 1.0,
            "max": 1.0,
            "count": 14
        },
        "GeometryDashTrainer.Losses.PolicyLoss.mean": {
            "value": 0.03329770539421588,
            "min": 0.03329770539421588,
            "max": 0.035227723466232416,
            "count": 2
        },
        "GeometryDashTrainer.Losses.PolicyLoss.sum": {
            "value": 0.03329770539421588,
            "min": 0.03329770539421588,
            "max": 0.035227723466232416,
            "count": 2
        },
        "GeometryDashTrainer.Losses.ValueLoss.mean": {
            "value": 834.4613067626954,
            "min": 833.1567932128906,
            "max": 834.4613067626954,
            "count": 2
        },
        "GeometryDashTrainer.Losses.ValueLoss.sum": {
            "value": 834.4613067626954,
            "min": 833.1567932128906,
            "max": 834.4613067626954,
            "count": 2
        },
        "GeometryDashTrainer.Policy.LearningRate.mean": {
            "value": 0.0003,
            "min": 0.0003,
            "max": 0.0003,
            "count": 2
        },
        "GeometryDashTrainer.Policy.LearningRate.sum": {
            "value": 0.0003,
            "min": 0.0003,
            "max": 0.0003,
            "count": 2
        },
        "GeometryDashTrainer.Policy.Epsilon.mean": {
            "value": 0.20000000000000004,
            "min": 0.20000000000000004,
            "max": 0.20000000000000004,
            "count": 2
        },
        "GeometryDashTrainer.Policy.Epsilon.sum": {
            "value": 0.20000000000000004,
            "min": 0.20000000000000004,
            "max": 0.20000000000000004,
            "count": 2
        },
        "GeometryDashTrainer.Policy.Beta.mean": {
            "value": 0.005000000000000001,
            "min": 0.005000000000000001,
            "max": 0.005000000000000001,
            "count": 2
        },
        "GeometryDashTrainer.Policy.Beta.sum": {
            "value": 0.005000000000000001,
            "min": 0.005000000000000001,
            "max": 0.005000000000000001,
            "count": 2
        }
    },
    "metadata": {
        "timer_format_version": "0.1.0",
        "start_time_seconds": "1746998448",
        "python_version": "3.10.11 (tags/v3.10.11:7d4cc5a, Apr  5 2023, 00:38:17) [MSC v.1929 64 bit (AMD64)]",
        "command_line_arguments": "D:\\Cours\\Sabrina\\GeoGirl - Copie\\venv-mlagents\\Scripts\\mlagents-learn MLConfig/geometry_dash.yaml --run-id=gd_run_37",
        "mlagents_version": "1.1.0",
        "mlagents_envs_version": "1.1.0",
        "communication_protocol_version": "1.5.0",
        "pytorch_version": "2.7.0+cpu",
        "numpy_version": "1.23.5",
        "end_time_seconds": "1746998608"
    },
    "total": 159.40746099990793,
    "count": 1,
    "self": 0.0025329000782221556,
    "children": {
        "run_training.setup": {
            "total": 0.05262889992445707,
            "count": 1,
            "self": 0.05262889992445707
        },
        "TrainerController.start_learning": {
            "total": 159.35229919990525,
            "count": 1,
            "self": 0.41890162136405706,
            "children": {
                "TrainerController._reset_env": {
                    "total": 9.042744199978188,
                    "count": 1,
                    "self": 9.042744199978188
                },
                "TrainerController.advance": {
                    "total": 149.84456197847612,
                    "count": 28672,
                    "self": 0.17197067849338055,
                    "children": {
                        "env_step": {
                            "total": 149.67259129998274,
                            "count": 28672,
                            "self": 132.96748434519395,
                            "children": {
                                "SubprocessEnvManager._take_step": {
                                    "total": 16.491249443031847,
                                    "count": 28672,
                                    "self": 0.7281145588494837,
                                    "children": {
                                        "TorchPolicy.evaluate": {
                                            "total": 15.763134884182364,
                                            "count": 28672,
                                            "self": 15.763134884182364
                                        }
                                    }
                                },
                                "workers": {
                                    "total": 0.21385751175694168,
                                    "count": 28671,
                                    "self": 0.0,
                                    "children": {
                                        "worker_root": {
                                            "total": 147.0056540905498,
                                            "count": 28671,
                                            "is_parallel": true,