{
    "name": "root",
    "metadata": {
        "timer_format_version": "0.1.0",
        "start_time_seconds": "1746991628",
        "python_version": "3.10.11 (tags/v3.10.11:7d4cc5a, Apr  5 2023, 00:38:17) [MSC v.1929 64 bit (AMD64)]",
        "command_line_arguments": "D:\\Cours\\Sabrina\\GeoGirl - Copie\\venv-mlagents\\Scripts\\mlagents-learn MLConfig/geometry_dash.yaml --run-id=gd_run_9",
        "mlagents_version": "1.1.0",
        "mlagents_envs_version": "1.1.0",
        "communication_protocol_version": "1.5.0",
        "pytorch_version": "2.7.0+cpu",
        "numpy_version": "1.23.5",
        "end_time_seconds": "1746991720"
    },
    "total": 91.11428839992732,
    "count": 1,
    "self": 0.0028486999217420816,
    "children": {
        "run_training.setup": {
            "total": 0.0486969999037683,
            "count": 1,
            "self": 0.0486969999037683
        },
        "TrainerController.start_learning": {
            "total": 91.06274270010181,
            "count": 1,
            "self": 0.0008202001918107271,
            "children": {
                "TrainerController._reset_env": {
                    "total": 5.947155700065196,
                    "count": 1,
                    "self": 5.947155700065196
                },
                "TrainerController.advance": {
                    "total": 85.06399970012717,
                    "count": 1,
                    "self": 7.500173524022102e-06,
                    "children": {
                        "env_step": {
                            "total": 85.06399219995365,
                            "count": 1,
                            "self": 85.06398879992776,
                            "children": {
                                "SubprocessEnvManager._take_step": {
                                    "total": 3.400025889277458e-06,
                                    "count": 1,
                                    "self": 3.400025889277458e-06
                                }
                            }
                        }
                    }
                },
                "trainer_threads": {
                    "total": 1.0799849405884743e-05,
                    "count": 1,
                    "self": 1.0799849405884743e-05,
                    "children": {
                        "thread_root": {
                            "total": 0.0,
                            "count": 0,
                            "is_parallel": true,
                            "self": 0.0,
                            "children": {
                                "trainer_advance": {
                                    "total": 85.0072939870879,
                                    "count": 5466,
                                    "is_parallel": true,
                                    "self": 0.11122298799455166,
                                    "children": {
                                        "process_trajectory": {
                                            "total": 84.89607099909335,
                                            "count": 5466,
                                            "is_parallel": true,
                                            "self": 84.89607099909335
                                        }
                                    }
                                }
                            }
                        }
                    }
                },
                "TrainerController._save_models": {
                    "total": 0.05075629986822605,
                    "count": 1,
                    "self": 0.006827499950304627,
                    "children": {
                        "RLTrainer._checkpoint": {
                            "total": 0.043928799917921424,
                            "count": 1,
                            "self": 0.043928799917921424
                        }
                    }
                }
            }
        }
    }
}