{
    "name": "root",
    "metadata": {
        "timer_format_version": "0.1.0",
        "start_time_seconds": "1746996600",
        "python_version": "3.10.11 (tags/v3.10.11:7d4cc5a, Apr  5 2023, 00:38:17) [MSC v.1929 64 bit (AMD64)]",
        "command_line_arguments": "D:\\Cours\\Sabrina\\GeoGirl - Copie\\venv-mlagents\\Scripts\\mlagents-learn MLConfig/geometry_dash.yaml --run-id=gd_run_27",
        "mlagents_version": "1.1.0",
        "mlagents_envs_version": "1.1.0",
        "communication_protocol_version": "1.5.0",
        "pytorch_version": "2.7.0+cpu",
        "numpy_version": "1.23.5",
        "end_time_seconds": "1746996724"
    },
    "total": 124.38421659986489,
    "count": 1,
    "self": 0.0025553996674716473,
    "children": {
        "run_training.setup": {
            "total": 0.04990900005213916,
            "count": 1,
            "self": 0.04990900005213916
        },
        "TrainerController.start_learning": {
            "total": 124.33175220014527,
            "count": 1,
            "self": 0.14599249721504748,
            "children": {
                "TrainerController._reset_env": {
                    "total": 7.460193200036883,
                    "count": 1,
                    "self": 7.460193200036883
                },
                "TrainerController.advance": {
                    "total": 116.67628640308976,
                    "count": 10575,
                    "self": 0.06342230550944805,
                    "children": {
                        "env_step": {
                            "total": 116.61286409758031,
                            "count": 10575,
                            "self": 110.34059719718061,
                            "children": {
                                "SubprocessEnvManager._take_step": {
                                    "total": 6.194754488766193,
                                    "count": 10575,
                                    "self": 0.26737139094620943,
                                    "children": {
                                        "TorchPolicy.evaluate": {
                                            "total": 5.927383097819984,
                                            "count": 10575,
                                            "self": 5.927383097819984
                                        }
                                    }
                                },
                                "workers": {
                                    "total": 0.07751241163350642,
                                    "count": 10574,
                                    "self": 0.0,
                                    "children": {
                                        "worker_root": {
                                            "total": 54.82109078601934,
                                            "count": 10574,
                                            "is_parallel": true,
                                            "self": 12.91821719170548,
                                            "children": {
                                                "steps_from_proto": {
                                                    "total": 0.00023999996483325958,
                                                    "count": 1,
                                                    "is_parallel": true,
                                                    "self": 0.000108000123873353,
                                                    "children": {
                                                        "_process_rank_one_or_two_observation": {
                                                            "total": 0.00013199984095990658,
                                                            "count": 2,
                                                            "is_parallel": true,
                                                            "self": 0.00013199984095990658
                                                        }
                                                    }
                                                },
                                                "UnityEnvironment.step": {
                                                    "total": 41.90263359434903,
                                                    "count": 10574,
                                                    "is_parallel": true,
                                                    "self": 0.5349202000070363,
                                                    "children": {
                                                        "UnityEnvironment._generate_step_input": {
                                                            "total": 0.36751009337604046,
                                                            "count": 10574,
                                                            "is_parallel": true,
                                                            "self": 0.36751009337604046
                                                        },
                                                        "communicator.exchange": {
                                                            "total": 39.354623310035095,
                                                            "count": 10574,
                                                            "is_parallel": true,
                                                            "self": 39.354623310035095
                                                        },
                                                        "steps_from_proto": {
                                                            "total": 1.6455799909308553,
                                                            "count": 10574,
                                                            "is_parallel": true,
                                                            "self": 0.7943536697421223,
                                                            "children": {
                                                                "_process_rank_one_or_two_observation": {
                                                                    "total": 0.851226321188733,
                                                                    "count": 21148,
                                                                    "is_parallel": true,
                                                                    "self": 0.851226321188733
                                                                }
                                                            }
                                                        }
                                                    }
                                                }
                                            }
                                        }
                                    }
                                }
                            }
                        }
                    }
                },
                "TrainerController._save_models": {
                    "total": 0.049280099803581834,
                    "count": 1,
                    "self": 0.007294499780982733,
                    "children": {
                        "RLTrainer._checkpoint": {
                            "total": 0.0419856000225991,
                            "count": 1,
                            "self": 0.0419856000225991
                        }
                    }
                }
            }
        }
    }
}