{
    "name": "root",
    "gauges": {
        "GeometryDashTrainer.Policy.Entropy.mean": {
            "value": 0.693084716796875,
            "min": 0.693084716796875,
            "max": 0.693084716796875,
            "count": 1
        },
        "GeometryDashTrainer.Policy.Entropy.sum": {
            "value": 6989.06640625,
            "min": 6989.06640625,
            "max": 6989.06640625,
            "count": 1
        },
        "GeometryDashTrainer.Environment.EpisodeLength.mean": {
            "value": 89.00892857142857,
            "min": 89.00892857142857,
            "max": 89.00892857142857,
            "count": 1
        },
        "GeometryDashTrainer.Environment.EpisodeLength.sum": {
            "value": 9969.0,
            "min": 9969.0,
            "max": 9969.0,
            "count": 1
        },
        "GeometryDashTrainer.Step.mean": {
            "value": 9991.0,
            "min": 9991.0,
            "max": 9991.0,
            "count": 1
        },
        "GeometryDashTrainer.Step.sum": {
            "value": 9991.0,
            "min": 9991.0,
            "max": 9991.0,
            "count": 1
        },
        "GeometryDashTrainer.Policy.ExtrinsicValueEstimate.mean": {
            "value": -0.024639051407575607,
            "min": -0.024639051407575607,
            "max": -0.024639051407575607,
            "count": 1
        },
        "GeometryDashTrainer.Policy.ExtrinsicValueEstimate.sum": {
            "value": -2.7349348068237305,
            "min": -2.7349348068237305,
            "max": -2.7349348068237305,
            "count": 1
        },
        "GeometryDashTrainer.Environment.CumulativeReward.mean": {
            "value": 7.800076149605416,
            "min": 7.800076149605416,
            "max": 7.800076149605416,
            "count": 1
        },
        "GeometryDashTrainer.Environment.CumulativeReward.sum": {
            "value": 865.8084526062012,
            "min": 865.8084526062012,
            "max": 865.8084526062012,
            "count": 1
        },
        "GeometryDashTrainer.Policy.ExtrinsicReward.mean": {
            "value": 7.800076149605416,
            "min": 7.800076149605416,
            "max": 7.800076149605416,
            "count": 1
        },
        "GeometryDashTrainer.Policy.ExtrinsicReward.sum": {
            "value": 865.8084526062012,
            "min": 865.8084526062012,
            "max": 865.8084526062012,
            "count": 1
        },
        "GeometryDashTrainer.IsTraining.mean": {
            "value": 1.0,
            "min": 1.0,
            "max": 1.0,
            "count": 1
        },
        "GeometryDashTrainer.IsTraining.sum": {
            "value": 1.0,
            "min": 1.0,
            "max": 1.0,
            "count": 1
        }
    },
    "metadata": {
        "timer_format_version": "0.1.0",
        "start_time_seconds": "1746991527",
        "python_version": "3.10.11 (tags/v3.10.11:7d4cc5a, Apr  5 2023, 00:38:17) [MSC v.1929 64 bit (AMD64)]",
        "command_line_arguments": "D:\\Cours\\Sabrina\\GeoGirl - Copie\\venv-mlagents\\Scripts\\mlagents-learn MLConfig/geometry_dash.yaml --run-id=gd_run_8",
        "mlagents_version": "1.1.0",
        "mlagents_envs_version": "1.1.0",
        "communication_protocol_version": "1.5.0",
        "pytorch_version": "2.7.0+cpu",
        "numpy_version": "1.23.5",
        "end_time_seconds": "1746991608"
    },
    "total": 81.76830289978534,
    "count": 1,
    "self": 0.0025729998014867306,
    "children": {
        "run_training.setup": {
            "total": 0.05381190008483827,
            "count": 1,
            "self": 0.05381190008483827
        },
        "TrainerController.start_learning": {
            "total": 81.71191799989901,
            "count": 1,
            "self": 0.13888510479591787,
            "children": {
                "TrainerController._reset_env": {
                    "total": 11.308527200017124,
                    "count": 1,
                    "self": 11.308527200017124
                },
                "TrainerController.advance": {
                    "total": 70.21229409519583,
                    "count": 10382,
                    "self": 0.05728609161451459,
                    "children": {
                        "env_step": {
                            "total": 70.15500800358132,
                            "count": 10382,
                            "self": 64.55420521600172,
                            "children": {
                                "SubprocessEnvManager._take_step": {
                                    "total": 5.529698595637456,
                                    "count": 10382,
                                    "self": 0.25028669484891,
                                    "children": {
                                        "TorchPolicy.evaluate": {
                                            "total": 5.279411900788546,
                                            "count": 10380,
                                            "self": 5.279411900788546
                                        }
                                    }
                                },
                                "workers": {
                                    "total": 0.07110419194214046,
                                    "count": 10381,
                                    "self": 0.0,
                                    "children": {
                                        "worker_root": {
                                            "total": 68.81917298166081,
                                            "count": 10381,
                                            "is_parallel": true,
                                            "self": 11.533860272495076,
                                            "children": {
                                                "steps_from_proto": {
                                                    "total": 0.00028629996813833714,
                                                    "count": 1,
                                                    "is_parallel": true,
                                                    "self": 0.000138899777084589,
                                                    "children": {
                                                        "_process_rank_one_or_two_observation": {
                                                            "total": 0.00014740019105374813,
                                                            "count": 2,
                                                            "is_parallel": true,
                                                            "self": 0.00014740019105374813
                                                        }
                                                    }
                                                },
                                                "UnityEnvironment.step": {
                                                    "total": 57.2850264091976,
                                                    "count": 10381,
                                                    "is_parallel": true,
                                                    "self": 0.35662069520913064,
                                                    "children": {
                                                        "UnityEnvironment._generate_step_input": {
                                                            "total": 0.30835920642130077,
                                                            "count": 10381,
                                                            "is_parallel": true,
                                                            "self": 0.30835920642130077
                                                        },