{
    "name": "root",
    "gauges": {
        "GeometryDashTrainer.Policy.Entropy.mean": {
            "value": 0.6510776877403259,
            "min": 0.6510776877403259,
            "max": 0.693144679069519,
            "count": 44
        },
        "GeometryDashTrainer.Policy.Entropy.sum": {
            "value": 968.8035888671875,
            "min": 117.59147644042969,
            "max": 2412.908203125,
            "count": 44
        },
        "GeometryDashTrainer.Environment.EpisodeLength.mean": {
            "value": 175.8,
            "min": 77.08,
            "max": 176.28571428571428,
            "count": 44
        },
        "GeometryDashTrainer.Environment.EpisodeLength.sum": {
            "value": 1758.0,
            "min": 160.0,
            "max": 3835.0,
            "count": 44
        },
        "GeometryDashTrainer.Step.mean": {
            "value": 87986.0,
            "min": 1986.0,
            "max": 87986.0,
            "count": 44
        },
        "GeometryDashTrainer.Step.sum": {
            "value": 87986.0,
            "min": 1986.0,
            "max": 87986.0,
            "count": 44
        },
        "GeometryDashTrainer.Policy.ExtrinsicValueEstimate.mean": {
            "value": -84.99932098388672,
            "min": -90.61578369140625,
            "max": 0.0008393730968236923,
            "count": 44
        },
        "GeometryDashTrainer.Policy.ExtrinsicValueEstimate.sum": {
            "value": -849.9932250976562,
            "min": -1888.59521484375,
            "max": 0.020144954323768616,
            "count": 44
        },
        "GeometryDashTrainer.Environment.CumulativeReward.mean": {
            "value": -201.60114288330078,
            "min": -202.73953828357514,
            "max": -197.80273818969727,
            "count": 44
        },
        "GeometryDashTrainer.Environment.CumulativeReward.sum": {
            "value": -2016.0114288330078,
            "min": -5048.613616943359,
            "max": -2016.0114288330078,
            "count": 44
        },
        "GeometryDashTrainer.Policy.ExtrinsicReward.mean": {
            "value": -201.60114288330078,
            "min": -202.73953828357514,
            "max": -197.80273818969727,
            "count": 44
        },
        "GeometryDashTrainer.Policy.ExtrinsicReward.sum": {
            "value": -2016.0114288330078,
            "min": -5048.613616943359,
            "max": -2016.0114288330078,
            "count": 44
        },
        "GeometryDashTrainer.IsTraining.mean": {
            "value": 1.0,
            "min": 1.0,
            "max": 1.0,
            "count": 44
        },
        "GeometryDashTrainer.IsTraining.sum": {
            "value": 1.0,
            "min": 1.0,
            "max": 1.0,
            "count": 44
        },
        "GeometryDashTrainer.Losses.PolicyLoss.mean": {
            "value": 0.024208632631537816,
            "min": 0.024208632631537816,
            "max": 0.02931603939893345,
            "count": 4
        },
        "GeometryDashTrainer.Losses.PolicyLoss.sum": {
            "value": 0.024208632631537816,
            "min": 0.024208632631537816,
            "max": 0.02931603939893345,
            "count": 4
        },
        "GeometryDashTrainer.Losses.ValueLoss.mean": {
            "value": 495.4369115193685,
            "min": 495.4369115193685,
            "max": 2189.8289774576824,
            "count": 4
        },
        "GeometryDashTrainer.Losses.ValueLoss.sum": {
            "value": 495.4369115193685,
            "min": 495.4369115193685,
            "max": 2189.8289774576824,
            "count": 4
        },
        "GeometryDashTrainer.Policy.LearningRate.mean": {
            "value": 0.00029950759216413583,
            "min": 0.00029950759216413583,
            "max": 0.00029987682004106004,
            "count": 4
        },
        "GeometryDashTrainer.Policy.LearningRate.sum": {
            "value": 0.00029950759216413583,
            "min": 0.00029950759216413583,
            "max": 0.00029987682004106004,
            "count": 4
        },
        "GeometryDashTrainer.Policy.Epsilon.mean": {
            "value": 0.19983586400000006,
            "min": 0.19983586400000006,
            "max": 0.19995894,
            "count": 4
        },
        "GeometryDashTrainer.Policy.Epsilon.sum": {
            "value": 0.19983586400000006,
            "min": 0.19983586400000006,
            "max": 0.19995894,
            "count": 4
        },
        "GeometryDashTrainer.Policy.Beta.mean": {
            "value": 0.0014975543735999998,
            "min": 0.0014975543735999998,
            "max": 0.001499388206,
            "count": 4
        },
        "GeometryDashTrainer.Policy.Beta.sum": {
            "value": 0.0014975543735999998,
            "min": 0.0014975543735999998,
            "max": 0.001499388206,
            "count": 4
        }
    },
    "metadata": {
        "timer_format_version": "0.1.0",
        "start_time_seconds": "1747328256",
        "python_version": "3.10.11 (tags/v3.10.11:7d4cc5a, Apr  5 2023, 00:38:17) [MSC v.1929 64 bit (AMD64)]",
        "command_line_arguments": "D:\\Cours\\Sabrina\\GeoGirl - Copie\\venv-mlagents\\Scripts\\mlagents-learn MLConfig\\geometry_dash.yaml --run-id=Train --resume --env=BuildWindows/GeoGirl.exe --num-envs=4 --no-graphics",
        "mlagents_version": "1.1.0",
        "mlagents_envs_version": "1.1.0",
        "communication_protocol_version": "1.5.0",
        "pytorch_version": "2.7.0+cpu",
        "numpy_version": "1.23.5",
        "end_time_seconds": "1747328333"
    },
    "total": 77.32005319999985,
    "count": 1,
    "self": 0.12700949999998556,
    "children": {
        "run_training.setup": {
            "total": 0.17898869999999079,
            "count": 1,
            "self": 0.17898869999999079
        },
        "TrainerController.start_learning": {
            "total": 77.01405499999987,
            "count": 1,
            "self": 0.5727779000044393,
            "children": {
                "TrainerController._reset_env": {
                    "total": 3.725764100000106,
                    "count": 1,
                    "self": 3.725764100000106
                },
                "TrainerController.advance": {
                    "total": 72.64779709999539,
                    "count": 54735,
                    "self": 0.24558059995615622,
                    "children": {
                        "env_step": {
                            "total": 72.40221650003923,
                            "count": 54735,
                            "self": 18.678489000027866,
                            "children": {
                                "SubprocessEnvManager._take_step": {
                                    "total": 53.33455120000485,
                                    "count": 88559,
                                    "self": 1.9007128999778615,
                                    "children": {
                                        "TorchPolicy.evaluate": {
                                            "total": 51.43383830002699,
                                            "count": 88559,
                                            "self": 51.43383830002699
                                        }
                                    }
                                },
                                "workers": {
                                    "total": 0.38917630000651116,
                                    "count": 54735,
                                    "self": 0.0,
                                    "children": {
                                        "worker_root": {
                                            "total": 294.9644268999532,
                                            "count": 88557,