{
    "name": "root",
    "metadata": {
        "timer_format_version": "0.1.0",
        "start_time_seconds": "1746999318",
        "python_version": "3.10.11 (tags/v3.10.11:7d4cc5a, Apr  5 2023, 00:38:17) [MSC v.1929 64 bit (AMD64)]",
        "command_line_arguments": "D:\\Cours\\Sabrina\\GeoGirl - Copie\\venv-mlagents\\Scripts\\mlagents-learn MLConfig/geometry_dash.yaml --run-id=gd_run_43",
        "mlagents_version": "1.1.0",
        "mlagents_envs_version": "1.1.0",
        "communication_protocol_version": "1.5.0",
        "pytorch_version": "2.7.0+cpu",
        "numpy_version": "1.23.5",
        "end_time_seconds": "1746999393"
    },
    "total": 74.88014680007473,
    "count": 1,
    "self": 10.003355999942869,
    "children": {
        "run_training.setup": {
            "total": 0.05736770015209913,
            "count": 1,
            "self": 0.05736770015209913
        },
        "TrainerController.start_learning": {
            "total": 64.81942309997976,
            "count": 1,
            "self": 0.03611129289492965,
            "children": {
                "TrainerController._reset_env": {
                    "total": 4.489997300086543,
                    "count": 1,
                    "self": 4.489997300086543
                },
                "TrainerController.advance": {
                    "total": 60.24320660694502,
                    "count": 1704,
                    "self": 0.010560811730101705,
                    "children": {
                        "env_step": {
                            "total": 60.23264579521492,
                            "count": 1704,
                            "self": 59.27113859564997,
                            "children": {
                                "SubprocessEnvManager._take_step": {
                                    "total": 0.9492973037995398,
                                    "count": 1705,
                                    "self": 0.04351340280845761,
                                    "children": {
                                        "TorchPolicy.evaluate": {
                                            "total": 0.9057839009910822,
                                            "count": 1705,
                                            "self": 0.9057839009910822
                                        }
                                    }
                                },
                                "workers": {
                                    "total": 0.012209895765408874,
                                    "count": 1703,
                                    "self": 0.0,
                                    "children": {
                                        "worker_root": {
                                            "total": 10.528201801003888,
                                            "count": 1703,
                                            "is_parallel": true,
                                            "self": 2.5370880046393722,
                                            "children": {
                                                "steps_from_proto": {
                                                    "total": 0.0005119000561535358,
                                                    "count": 2,
                                                    "is_parallel": true,
                                                    "self": 0.0002494002692401409,
                                                    "children": {
                                                        "_process_rank_one_or_two_observation": {
                                                            "total": 0.00026249978691339493,
                                                            "count": 4,
                                                            "is_parallel": true,
                                                            "self": 0.00026249978691339493
                                                        }
                                                    }
                                                },
                                                "UnityEnvironment.step": {
                                                    "total": 7.9906018963083625,
                                                    "count": 1703,
                                                    "is_parallel": true,
                                                    "self": 0.07437309226952493,
                                                    "children": {
                                                        "UnityEnvironment._generate_step_input": {
                                                            "total": 0.05266630044206977,
                                                            "count": 1703,
                                                            "is_parallel": true,
                                                            "self": 0.05266630044206977
                                                        },
                                                        "communicator.exchange": {
                                                            "total": 7.6234040996059775,
                                                            "count": 1703,
                                                            "is_parallel": true,
                                                            "self": 7.6234040996059775
                                                        },
                                                        "steps_from_proto": {
                                                            "total": 0.24015840399079025,
                                                            "count": 1703,
                                                            "is_parallel": true,
                                                            "self": 0.1197223097551614,
                                                            "children": {
                                                                "_process_rank_one_or_two_observation": {
                                                                    "total": 0.12043609423562884,
                                                                    "count": 3406,
                                                                    "is_parallel": true,
                                                                    "self": 0.12043609423562884
                                                                }
                                                            }
                                                        }
                                                    }
                                                }
                                            }
                                        }
                                    }
                                }
                            }
                        }
                    }
                },
                "trainer_threads": {
                    "total": 1.950003206729889e-05,
                    "count": 1,
                    "self": 1.950003206729889e-05,
                    "children": {
                        "thread_root": {
                            "total": 0.0,
                            "count": 0,
                            "is_parallel": true,
                            "self": 0.0,
                            "children": {
                                "trainer_advance": {
                                    "total": 60.23705259151757,
                                    "count": 3868,
                                    "is_parallel": true,
                                    "self": 0.11007260344922543,