{
    "name": "root",
    "gauges": {
        "GeometryDashTrainer.Policy.Entropy.mean": {
            "value": 0.6931339502334595,
            "min": 0.6931202411651611,
            "max": 0.6931437849998474,
            "count": 10
        },
        "GeometryDashTrainer.Policy.Entropy.sum": {
            "value": 1420.2314453125,
            "min": 1359.947509765625,
            "max": 1450.0501708984375,
            "count": 10
        },
        "GeometryDashTrainer.Environment.EpisodeLength.mean": {
            "value": 204.0,
            "min": 60.34375,
            "max": 204.0,
            "count": 10
        },
        "GeometryDashTrainer.Environment.EpisodeLength.sum": {
            "value": 2040.0,
            "min": 1779.0,
            "max": 2040.0,
            "count": 10
        },
        "GeometryDashTrainer.Step.mean": {
            "value": 19920.0,
            "min": 1980.0,
            "max": 19920.0,
            "count": 10
        },
        "GeometryDashTrainer.Step.sum": {
            "value": 19920.0,
            "min": 1980.0,
            "max": 19920.0,
            "count": 10
        },
        "GeometryDashTrainer.Policy.ExtrinsicValueEstimate.mean": {
            "value": 0.06533870100975037,
            "min": -0.03523336723446846,
            "max": 0.0982862263917923,
            "count": 10
        },
        "GeometryDashTrainer.Policy.ExtrinsicValueEstimate.sum": {
            "value": 1.3067740201950073,
            "min": -1.0922343730926514,
            "max": 1.9657244682312012,
            "count": 10
        },
        "GeometryDashTrainer.Environment.CumulativeReward.mean": {
            "value": -79.41994352340699,
            "min": -79.41994352340699,
            "max": -76.64870614271898,
            "count": 10
        },
        "GeometryDashTrainer.Environment.CumulativeReward.sum": {
            "value": -794.1994352340698,
            "min": -2465.3234329223633,
            "max": -783.2494211196899,
            "count": 10
        },
        "GeometryDashTrainer.Policy.ExtrinsicReward.mean": {
            "value": -79.41994352340699,
            "min": -79.41994352340699,
            "max": -76.64870614271898,
            "count": 10
        },
        "GeometryDashTrainer.Policy.ExtrinsicReward.sum": {
            "value": -794.1994352340698,
            "min": -2465.3234329223633,
            "max": -783.2494211196899,
            "count": 10
        },
        "GeometryDashTrainer.IsTraining.mean": {
            "value": 1.0,
            "min": 1.0,
            "max": 1.0,
            "count": 10
        },
        "GeometryDashTrainer.IsTraining.sum": {
            "value": 1.0,
            "min": 1.0,
            "max": 1.0,
            "count": 10
        },
        "GeometryDashTrainer.Losses.PolicyLoss.mean": {
            "value": 0.04062049670610577,
            "min": 0.04062049670610577,
            "max": 0.04062049670610577,
            "count": 1
        },
        "GeometryDashTrainer.Losses.PolicyLoss.sum": {
            "value": 0.04062049670610577,
            "min": 0.04062049670610577,
            "max": 0.04062049670610577,
            "count": 1
        },
        "GeometryDashTrainer.Losses.ValueLoss.mean": {
            "value": 808.1517852783203,
            "min": 808.1517852783203,
            "max": 808.1517852783203,
            "count": 1
        },
        "GeometryDashTrainer.Losses.ValueLoss.sum": {
            "value": 808.1517852783203,
            "min": 808.1517852783203,
            "max": 808.1517852783203,
            "count": 1
        },
        "GeometryDashTrainer.Policy.LearningRate.mean": {
            "value": 0.0003,
            "min": 0.0003,
            "max": 0.0003,
            "count": 1
        },
        "GeometryDashTrainer.Policy.LearningRate.sum": {
            "value": 0.0003,
            "min": 0.0003,
            "max": 0.0003,
            "count": 1
        },
        "GeometryDashTrainer.Policy.Epsilon.mean": {
            "value": 0.20000000000000004,
            "min": 0.20000000000000004,
            "max": 0.20000000000000004,
            "count": 1
        },
        "GeometryDashTrainer.Policy.Epsilon.sum": {
            "value": 0.20000000000000004,
            "min": 0.20000000000000004,
            "max": 0.20000000000000004,
            "count": 1
        },
        "GeometryDashTrainer.Policy.Beta.mean": {
            "value": 0.005000000000000001,
            "min": 0.005000000000000001,
            "max": 0.005000000000000001,
            "count": 1
        },
        "GeometryDashTrainer.Policy.Beta.sum": {
            "value": 0.005000000000000001,
            "min": 0.005000000000000001,
            "max": 0.005000000000000001,
            "count": 1
        }
    },
    "metadata": {
        "timer_format_version": "0.1.0",
        "start_time_seconds": "1746999079",
        "python_version": "3.10.11 (tags/v3.10.11:7d4cc5a, Apr  5 2023, 00:38:17) [MSC v.1929 64 bit (AMD64)]",
        "command_line_arguments": "D:\\Cours\\Sabrina\\GeoGirl - Copie\\venv-mlagents\\Scripts\\mlagents-learn MLConfig/geometry_dash.yaml --run-id=gd_run_42",
        "mlagents_version": "1.1.0",
        "mlagents_envs_version": "1.1.0",
        "communication_protocol_version": "1.5.0",
        "pytorch_version": "2.7.0+cpu",
        "numpy_version": "1.23.5",
        "end_time_seconds": "1746999314"
    },
    "total": 235.12850880017504,
    "count": 1,
    "self": 10.00315840006806,
    "children": {
        "run_training.setup": {
            "total": 0.06044650007970631,
            "count": 1,
            "self": 0.06044650007970631
        },
        "TrainerController.start_learning": {
            "total": 225.06490390002728,
            "count": 1,
            "self": 0.3184813985135406,
            "children": {
                "TrainerController._reset_env": {
                    "total": 7.75940000009723,
                    "count": 1,
                    "self": 7.75940000009723
                },
                "TrainerController.advance": {
                    "total": 216.93774810130708,
                    "count": 20854,
                    "self": 0.13443927629850805,
                    "children": {
                        "env_step": {
                            "total": 216.80330882500857,
                            "count": 20854,
                            "self": 204.05370732792653,
                            "children": {
                                "SubprocessEnvManager._take_step": {
                                    "total": 12.581597611075267,
                                    "count": 20856,
                                    "self": 0.5418256148695946,
                                    "children": {
                                        "TorchPolicy.evaluate": {
                                            "total": 12.039771996205673,
                                            "count": 20856,
                                            "self": 12.039771996205673
                                        }
                                    }
                                },
                                "workers": {
                                    "total": 0.16800388600677252,
                                    "count": 20853,
                                    "self": 0.0,
                                    "children": {
                                        "worker_root": {
                                            "total": 147.48978980234824,
                                            "count": 20853,
                                            "is_parallel": true,
                                            "self": 25.474788205930963,