{
    "name": "root",
    "metadata": {
        "timer_format_version": "0.1.0",
        "start_time_seconds": "1746995423",
        "python_version": "3.10.11 (tags/v3.10.11:7d4cc5a, Apr  5 2023, 00:38:17) [MSC v.1929 64 bit (AMD64)]",
        "command_line_arguments": "D:\\Cours\\Sabrina\\GeoGirl - Copie\\venv-mlagents\\Scripts\\mlagents-learn MLConfig/geometry_dash.yaml --run-id=gd_run_21",
        "mlagents_version": "1.1.0",
        "mlagents_envs_version": "1.1.0",
        "communication_protocol_version": "1.5.0",
        "pytorch_version": "2.7.0+cpu",
        "numpy_version": "1.23.5",
        "end_time_seconds": "1746995722"
    },
    "total": 298.1867857000325,
    "count": 1,
    "self": 0.002651199931278825,
    "children": {
        "run_training.setup": {
            "total": 0.057942100102081895,
            "count": 1,
            "self": 0.057942100102081895
        },
        "TrainerController.start_learning": {
            "total": 298.1261923999991,
            "count": 1,
            "self": 0.6890120871830732,
            "children": {
                "TrainerController._reset_env": {
                    "total": 5.027494199806824,
                    "count": 1,
                    "self": 5.027494199806824
                },
                "TrainerController.advance": {
                    "total": 292.3612266131677,
                    "count": 53455,
                    "self": 0.30464340024627745,
                    "children": {
                        "env_step": {
                            "total": 292.0565832129214,
                            "count": 53455,
                            "self": 261.35216550249606,
                            "children": {
                                "SubprocessEnvManager._take_step": {
                                    "total": 30.324453494045883,
                                    "count": 53455,
                                    "self": 1.2931758277118206,
                                    "children": {
                                        "TorchPolicy.evaluate": {
                                            "total": 29.031277666334063,
                                            "count": 53455,
                                            "self": 29.031277666334063
                                        }
                                    }
                                },
                                "workers": {
                                    "total": 0.37996421637944877,
                                    "count": 53454,
                                    "self": 0.0,
                                    "children": {
                                        "worker_root": {
                                            "total": 230.4253666845616,
                                            "count": 53454,
                                            "is_parallel": true,
                                            "self": 59.246431581676006,
                                            "children": {
                                                "steps_from_proto": {
                                                    "total": 0.000286600086838007,
                                                    "count": 1,
                                                    "is_parallel": true,
                                                    "self": 0.00015540001913905144,
                                                    "children": {
                                                        "_process_rank_one_or_two_observation": {
                                                            "total": 0.00013120006769895554,
                                                            "count": 2,
                                                            "is_parallel": true,
                                                            "self": 0.00013120006769895554
                                                        }
                                                    }
                                                },
                                                "UnityEnvironment.step": {
                                                    "total": 171.17864850279875,
                                                    "count": 53454,
                                                    "is_parallel": true,
                                                    "self": 1.9733914891257882,
                                                    "children": {
                                                        "UnityEnvironment._generate_step_input": {
                                                            "total": 1.691920378478244,
                                                            "count": 53454,
                                                            "is_parallel": true,
                                                            "self": 1.691920378478244
                                                        },
                                                        "communicator.exchange": {
                                                            "total": 161.43727736454457,
                                                            "count": 53454,
                                                            "is_parallel": true,
                                                            "self": 161.43727736454457
                                                        },
                                                        "steps_from_proto": {
                                                            "total": 6.076059270650148,
                                                            "count": 53454,
                                                            "is_parallel": true,
                                                            "self": 3.772511443356052,
                                                            "children": {
                                                                "_process_rank_one_or_two_observation": {
                                                                    "total": 2.3035478272940964,
                                                                    "count": 106908,
                                                                    "is_parallel": true,
                                                                    "self": 2.3035478272940964
                                                                }
                                                            }
                                                        }
                                                    }
                                                }
                                            }
                                        }
                                    }
                                }
                            }
                        }
                    }
                },
                "TrainerController._save_models": {
                    "total": 0.04845949984155595,
                    "count": 1,
                    "self": 0.006958599900826812,
                    "children": {
                        "RLTrainer._checkpoint": {
                            "total": 0.04150089994072914,
                            "count": 1,
                            "self": 0.04150089994072914
                        }
                    }
                }
            }
        }
    }
}