{
    "name": "root",
    "metadata": {
        "timer_format_version": "0.1.0",
        "start_time_seconds": "1746998942",
        "python_version": "3.10.11 (tags/v3.10.11:7d4cc5a, Apr  5 2023, 00:38:17) [MSC v.1929 64 bit (AMD64)]",
        "command_line_arguments": "D:\\Cours\\Sabrina\\GeoGirl - Copie\\venv-mlagents\\Scripts\\mlagents-learn MLConfig/geometry_dash.yaml --run-id=gd_run_41",
        "mlagents_version": "1.1.0",
        "mlagents_envs_version": "1.1.0",
        "communication_protocol_version": "1.5.0",
        "pytorch_version": "2.7.0+cpu",
        "numpy_version": "1.23.5",
        "end_time_seconds": "1746999038"
    },
    "total": 95.78203090000898,
    "count": 1,
    "self": 0.002665900159627199,
    "children": {
        "run_training.setup": {
            "total": 0.05337299988605082,
            "count": 1,
            "self": 0.05337299988605082
        },
        "TrainerController.start_learning": {
            "total": 95.7259919999633,
            "count": 1,
            "self": 0.020105201052501798,
            "children": {
                "TrainerController._reset_env": {
                    "total": 25.02261619991623,
                    "count": 1,
                    "self": 25.02261619991623
                },
                "TrainerController.advance": {
                    "total": 70.63639999902807,
                    "count": 1380,
                    "self": 0.008945200592279434,
                    "children": {
                        "env_step": {
                            "total": 70.62745479843579,
                            "count": 1380,
                            "self": 69.8683504012879,
                            "children": {
                                "SubprocessEnvManager._take_step": {
                                    "total": 0.7492699990980327,
                                    "count": 1380,
                                    "self": 0.033422195352613926,
                                    "children": {
                                        "TorchPolicy.evaluate": {
                                            "total": 0.7158478037454188,
                                            "count": 1380,
                                            "self": 0.7158478037454188
                                        }
                                    }
                                },
                                "workers": {
                                    "total": 0.009834398049861193,
                                    "count": 1379,
                                    "self": 0.0,
                                    "children": {
                                        "worker_root": {
                                            "total": 8.90016270056367,
                                            "count": 1379,
                                            "is_parallel": true,
                                            "self": 2.1428054058924317,
                                            "children": {
                                                "steps_from_proto": {
                                                    "total": 0.00023110001347959042,
                                                    "count": 1,
                                                    "is_parallel": true,
                                                    "self": 0.00010689999908208847,
                                                    "children": {
                                                        "_process_rank_one_or_two_observation": {
                                                            "total": 0.00012420001439750195,
                                                            "count": 2,
                                                            "is_parallel": true,
                                                            "self": 0.00012420001439750195
                                                        }
                                                    }
                                                },
                                                "UnityEnvironment.step": {
                                                    "total": 6.757126194657758,
                                                    "count": 1379,
                                                    "is_parallel": true,
                                                    "self": 0.05759750586003065,
                                                    "children": {
                                                        "UnityEnvironment._generate_step_input": {
                                                            "total": 0.0401366981677711,
                                                            "count": 1379,
                                                            "is_parallel": true,
                                                            "self": 0.0401366981677711
                                                        },
                                                        "communicator.exchange": {
                                                            "total": 6.476959398947656,
                                                            "count": 1379,
                                                            "is_parallel": true,
                                                            "self": 6.476959398947656
                                                        },
                                                        "steps_from_proto": {
                                                            "total": 0.18243259168229997,
                                                            "count": 1379,
                                                            "is_parallel": true,
                                                            "self": 0.09173438837751746,
                                                            "children": {
                                                                "_process_rank_one_or_two_observation": {
                                                                    "total": 0.09069820330478251,
                                                                    "count": 2758,
                                                                    "is_parallel": true,
                                                                    "self": 0.09069820330478251
                                                                }
                                                            }
                                                        }
                                                    }
                                                }
                                            }
                                        }
                                    }
                                }
                            }
                        }
                    }
                },
                "TrainerController._save_models": {
                    "total": 0.04687059996649623,
                    "count": 1,
                    "self": 0.009545199805870652,
                    "children": {
                        "RLTrainer._checkpoint": {
                            "total": 0.03732540016062558,
                            "count": 1,
                            "self": 0.03732540016062558
                        }
                    }
                }
            }
        }
    }
}