{
    "name": "root",
    "metadata": {
        "timer_format_version": "0.1.0",
        "start_time_seconds": "1746995037",
        "python_version": "3.10.11 (tags/v3.10.11:7d4cc5a, Apr  5 2023, 00:38:17) [MSC v.1929 64 bit (AMD64)]",
        "command_line_arguments": "D:\\Cours\\Sabrina\\GeoGirl - Copie\\venv-mlagents\\Scripts\\mlagents-learn MLConfig/geometry_dash.yaml --run-id=gd_run_17",
        "mlagents_version": "1.1.0",
        "mlagents_envs_version": "1.1.0",
        "communication_protocol_version": "1.5.0",
        "pytorch_version": "2.7.0+cpu",
        "numpy_version": "1.23.5",
        "end_time_seconds": "1746995074"
    },
    "total": 37.4019845998846,
    "count": 1,
    "self": 0.0026159000117331743,
    "children": {
        "run_training.setup": {
            "total": 0.05847359984181821,
            "count": 1,
            "self": 0.05847359984181821
        },
        "TrainerController.start_learning": {
            "total": 37.34089510003105,
            "count": 1,
            "self": 0.008006800198927522,
            "children": {
                "TrainerController._reset_env": {
                    "total": 9.102810699958354,
                    "count": 1,
                    "self": 9.102810699958354
                },
                "TrainerController.advance": {
                    "total": 28.185524199856445,
                    "count": 1,
                    "self": 1.0999850928783417e-05,
                    "children": {
                        "env_step": {
                            "total": 28.185513200005516,
                            "count": 1,
                            "self": 28.183962400071323,
                            "children": {
                                "SubprocessEnvManager._take_step": {
                                    "total": 0.001550799934193492,
                                    "count": 1,
                                    "self": 3.529991954565048e-05,
                                    "children": {
                                        "TorchPolicy.evaluate": {
                                            "total": 0.0015155000146478415,
                                            "count": 1,
                                            "self": 0.0015155000146478415
                                        }
                                    }
                                }
                            }
                        }
                    }
                },
                "trainer_threads": {
                    "total": 1.8700025975704193e-05,
                    "count": 1,
                    "self": 1.8700025975704193e-05,
                    "children": {
                        "thread_root": {
                            "total": 0.0,
                            "count": 0,
                            "is_parallel": true,
                            "self": 0.0,
                            "children": {
                                "trainer_advance": {
                                    "total": 28.17408299772069,
                                    "count": 1807,
                                    "is_parallel": true,
                                    "self": 0.038857197389006615,
                                    "children": {
                                        "process_trajectory": {
                                            "total": 28.135225800331682,
                                            "count": 1807,
                                            "is_parallel": true,
                                            "self": 28.135225800331682
                                        }
                                    }
                                }
                            }
                        }
                    }
                },
                "TrainerController._save_models": {
                    "total": 0.044534699991345406,
                    "count": 1,
                    "self": 0.006041899789124727,
                    "children": {
                        "RLTrainer._checkpoint": {
                            "total": 0.03849280020222068,
                            "count": 1,
                            "self": 0.03849280020222068
                        }
                    }
                }
            }
        }
    }
}