{
    "name": "root",
    "metadata": {
        "timer_format_version": "0.1.0",
        "start_time_seconds": "1746997004",
        "python_version": "3.10.11 (tags/v3.10.11:7d4cc5a, Apr  5 2023, 00:38:17) [MSC v.1929 64 bit (AMD64)]",
        "command_line_arguments": "D:\\Cours\\Sabrina\\GeoGirl - Copie\\venv-mlagents\\Scripts\\mlagents-learn MLConfig/geometry_dash.yaml --run-id=gd_run_29",
        "mlagents_version": "1.1.0",
        "mlagents_envs_version": "1.1.0",
        "communication_protocol_version": "1.5.0",
        "pytorch_version": "2.7.0+cpu",
        "numpy_version": "1.23.5",
        "end_time_seconds": "1746997035"
    },
    "total": 31.392601400148124,
    "count": 1,
    "self": 0.003172100055962801,
    "children": {
        "run_training.setup": {
            "total": 0.05050070001743734,
            "count": 1,
            "self": 0.05050070001743734
        },
        "TrainerController.start_learning": {
            "total": 31.338928600074723,
            "count": 1,
            "self": 0.05382550787180662,
            "children": {
                "TrainerController._reset_env": {
                    "total": 7.9473520999308676,
                    "count": 1,
                    "self": 7.9473520999308676
                },
                "TrainerController.advance": {
                    "total": 23.279701692285016,
                    "count": 3956,
                    "self": 0.023056994890794158,
                    "children": {
                        "env_step": {
                            "total": 23.256644697394222,
                            "count": 3956,
                            "self": 21.01579700084403,
                            "children": {
                                "SubprocessEnvManager._take_step": {
                                    "total": 2.2130050025880337,
                                    "count": 3956,
                                    "self": 0.09681589971296489,
                                    "children": {
                                        "TorchPolicy.evaluate": {
                                            "total": 2.116189102875069,
                                            "count": 3956,
                                            "self": 2.116189102875069
                                        }
                                    }
                                },
                                "workers": {
                                    "total": 0.027842693962156773,
                                    "count": 3955,
                                    "self": 0.0,
                                    "children": {
                                        "worker_root": {
                                            "total": 20.274383696727455,
                                            "count": 3955,
                                            "is_parallel": true,
                                            "self": 5.051889601163566,
                                            "children": {
                                                "steps_from_proto": {
                                                    "total": 0.00022500008344650269,
                                                    "count": 1,
                                                    "is_parallel": true,
                                                    "self": 0.00010309997014701366,
                                                    "children": {
                                                        "_process_rank_one_or_two_observation": {
                                                            "total": 0.00012190011329948902,
                                                            "count": 2,
                                                            "is_parallel": true,
                                                            "self": 0.00012190011329948902
                                                        }
                                                    }
                                                },
                                                "UnityEnvironment.step": {
                                                    "total": 15.222269095480442,
                                                    "count": 3955,
                                                    "is_parallel": true,
                                                    "self": 0.1914265202358365,
                                                    "children": {
                                                        "UnityEnvironment._generate_step_input": {
                                                            "total": 0.1306396913714707,
                                                            "count": 3955,
                                                            "is_parallel": true,
                                                            "self": 0.1306396913714707
                                                        },
                                                        "communicator.exchange": {
                                                            "total": 14.307383384788409,
                                                            "count": 3955,
                                                            "is_parallel": true,
                                                            "self": 14.307383384788409
                                                        },
                                                        "steps_from_proto": {
                                                            "total": 0.592819499084726,
                                                            "count": 3955,
                                                            "is_parallel": true,
                                                            "self": 0.28671639994718134,
                                                            "children": {
                                                                "_process_rank_one_or_two_observation": {
                                                                    "total": 0.30610309913754463,
                                                                    "count": 7910,
                                                                    "is_parallel": true,
                                                                    "self": 0.30610309913754463
                                                                }
                                                            }
                                                        }
                                                    }
                                                }
                                            }
                                        }
                                    }
                                }
                            }
                        }
                    }
                },
                "trainer_threads": {
                    "total": 1.7900019884109497e-05,
                    "count": 1,
                    "self": 1.7900019884109497e-05,
                    "children": {
                        "thread_root": {
                            "total": 0.0,
                            "count": 0,
                            "is_parallel": true,
                            "self": 0.0,
                            "children": {
                                "trainer_advance": {
                                    "total": 23.317007306963205,
                                    "count": 1556,
                                    "is_parallel": true,
                                    "self": 0.04779260791838169,