{
    "name": "root",
    "metadata": {
        "timer_format_version": "0.1.0",
        "start_time_seconds": "1746995886",
        "python_version": "3.10.11 (tags/v3.10.11:7d4cc5a, Apr  5 2023, 00:38:17) [MSC v.1929 64 bit (AMD64)]",
        "command_line_arguments": "D:\\Cours\\Sabrina\\GeoGirl - Copie\\venv-mlagents\\Scripts\\mlagents-learn MLConfig/geometry_dash.yaml --run-id=gd_run_22",
        "mlagents_version": "1.1.0",
        "mlagents_envs_version": "1.1.0",
        "communication_protocol_version": "1.5.0",
        "pytorch_version": "2.7.0+cpu",
        "numpy_version": "1.23.5",
        "end_time_seconds": "1746995914"
    },
    "total": 28.101372899953276,
    "count": 1,
    "self": 0.0049258999060839415,
    "children": {
        "run_training.setup": {
            "total": 0.057358100078999996,
            "count": 1,
            "self": 0.057358100078999996
        },
        "TrainerController.start_learning": {
            "total": 28.039088899968192,
            "count": 1,
            "self": 0.054812106071040034,
            "children": {
                "TrainerController._reset_env": {
                    "total": 4.1346966999117285,
                    "count": 1,
                    "self": 4.1346966999117285
                },
                "TrainerController.advance": {
                    "total": 23.71663289400749,
                    "count": 4177,
                    "self": 0.024044096237048507,
                    "children": {
                        "env_step": {
                            "total": 23.69258879777044,
                            "count": 4177,
                            "self": 21.430684303632006,
                            "children": {
                                "SubprocessEnvManager._take_step": {
                                    "total": 2.2345274018589407,
                                    "count": 4177,
                                    "self": 0.09864270593971014,
                                    "children": {
                                        "TorchPolicy.evaluate": {
                                            "total": 2.1358846959192306,
                                            "count": 4177,
                                            "self": 2.1358846959192306
                                        }
                                    }
                                },
                                "workers": {
                                    "total": 0.02737709227949381,
                                    "count": 4176,
                                    "self": 0.0,
                                    "children": {
                                        "worker_root": {
                                            "total": 21.624737913021818,
                                            "count": 4176,
                                            "is_parallel": true,
                                            "self": 5.053426011232659,
                                            "children": {
                                                "steps_from_proto": {
                                                    "total": 0.00020730006508529186,
                                                    "count": 1,
                                                    "is_parallel": true,
                                                    "self": 0.00010640011169016361,
                                                    "children": {
                                                        "_process_rank_one_or_two_observation": {
                                                            "total": 0.00010089995339512825,
                                                            "count": 2,
                                                            "is_parallel": true,
                                                            "self": 0.00010089995339512825
                                                        }
                                                    }
                                                },
                                                "UnityEnvironment.step": {
                                                    "total": 16.571104601724073,
                                                    "count": 4176,
                                                    "is_parallel": true,
                                                    "self": 0.16181470081210136,
                                                    "children": {
                                                        "UnityEnvironment._generate_step_input": {
                                                            "total": 0.12887601042166352,
                                                            "count": 4176,
                                                            "is_parallel": true,
                                                            "self": 0.12887601042166352
                                                        },
                                                        "communicator.exchange": {
                                                            "total": 15.802656603977084,
                                                            "count": 4176,
                                                            "is_parallel": true,
                                                            "self": 15.802656603977084
                                                        },
                                                        "steps_from_proto": {
                                                            "total": 0.47775728651322424,
                                                            "count": 4176,
                                                            "is_parallel": true,
                                                            "self": 0.2963402036111802,
                                                            "children": {
                                                                "_process_rank_one_or_two_observation": {
                                                                    "total": 0.18141708290204406,
                                                                    "count": 8352,
                                                                    "is_parallel": true,
                                                                    "self": 0.18141708290204406
                                                                }
                                                            }
                                                        }
                                                    }
                                                }
                                            }
                                        }
                                    }
                                }
                            }
                        }
                    }
                },
                "trainer_threads": {
                    "total": 1.6799895092844963e-05,
                    "count": 1,
                    "self": 1.6799895092844963e-05,
                    "children": {
                        "thread_root": {
                            "total": 0.0,
                            "count": 0,
                            "is_parallel": true,
                            "self": 0.0,
                            "children": {
                                "trainer_advance": {
                                    "total": 23.75748860114254,
                                    "count": 1583,
                                    "is_parallel": true,
                                    "self": 0.041364798322319984,