{
    "name": "root",
    "gauges": {
        "GeometryDashTrainer.Policy.Entropy.mean": {
            "value": 0.03060767985880375,
            "min": 0.03060767985880375,
            "max": 0.08222950249910355,
            "count": 7
        },
        "GeometryDashTrainer.Policy.Entropy.sum": {
            "value": 95.49596405029297,
            "min": 7.400030612945557,
            "max": 196.09352111816406,
            "count": 7
        },
        "GeometryDashTrainer.Environment.EpisodeLength.mean": {
            "value": 1570.0,
            "min": 864.5,
            "max": 1572.0,
            "count": 7
        },
        "GeometryDashTrainer.Environment.EpisodeLength.sum": {
            "value": 1570.0,
            "min": 1275.0,
            "max": 2703.0,
            "count": 7
        },
        "GeometryDashTrainer.IsTraining.mean": {
            "value": 1.0,
            "min": 1.0,
            "max": 1.0,
            "count": 7
        },
        "GeometryDashTrainer.IsTraining.sum": {
            "value": 1.0,
            "min": 1.0,
            "max": 1.0,
            "count": 7
        },
        "GeometryDashTrainer.Step.mean": {
            "value": 29127070.0,
            "min": 29117250.0,
            "max": 29127070.0,
            "count": 6
        },
        "GeometryDashTrainer.Step.sum": {
            "value": 29127070.0,
            "min": 29117250.0,
            "max": 29127070.0,
            "count": 6
        },
        "GeometryDashTrainer.Policy.ExtrinsicValueEstimate.mean": {
            "value": 7.079224109649658,
            "min": 5.089833736419678,
            "max": 7.079224109649658,
            "count": 6
        },
        "GeometryDashTrainer.Policy.ExtrinsicValueEstimate.sum": {
            "value": 7.079224109649658,
            "min": 5.089833736419678,
            "max": 13.229467391967773,
            "count": 6
        },
        "GeometryDashTrainer.Environment.CumulativeReward.mean": {
            "value": 45.02309036254883,
            "min": -46.19086837768555,
            "max": 133.10172271728516,
            "count": 6
        },
        "GeometryDashTrainer.Environment.CumulativeReward.sum": {
            "value": 45.02309036254883,
            "min": -92.3817367553711,
            "max": 266.2034454345703,
            "count": 6
        },
        "GeometryDashTrainer.Policy.ExtrinsicReward.mean": {
            "value": 45.02309036254883,
            "min": -46.19086837768555,
            "max": 133.10172271728516,
            "count": 6
        },
        "GeometryDashTrainer.Policy.ExtrinsicReward.sum": {
            "value": 45.02309036254883,
            "min": -92.3817367553711,
            "max": 266.2034454345703,
            "count": 6
        }
    },
    "metadata": {
        "timer_format_version": "0.1.0",
        "start_time_seconds": "1747328403",
        "python_version": "3.10.11 (tags/v3.10.11:7d4cc5a, Apr  5 2023, 00:38:17) [MSC v.1929 64 bit (AMD64)]",
        "command_line_arguments": "D:\\Cours\\Sabrina\\GeoGirl - Copie\\venv-mlagents\\Scripts\\mlagents-learn MLConfig\\geometry_dash.yaml --run-id=Train --resume --env=BuildWindows/GeoGirl.exe --num-envs=4 --no-graphics",
        "mlagents_version": "1.1.0",
        "mlagents_envs_version": "1.1.0",
        "communication_protocol_version": "1.5.0",
        "pytorch_version": "2.7.0+cpu",
        "numpy_version": "1.23.5",
        "end_time_seconds": "1747328528"
    },
    "total": 125.44764400000008,
    "count": 1,
    "self": 10.006019100000003,
    "children": {
        "run_training.setup": {
            "total": 0.1707366999999067,
            "count": 1,
            "self": 0.1707366999999067
        },
        "TrainerController.start_learning": {
            "total": 115.27088820000017,
            "count": 1,
            "self": 0.15814070001033542,
            "children": {
                "TrainerController._reset_env": {
                    "total": 3.7535378000000037,
                    "count": 1,
                    "self": 3.7535378000000037
                },
                "TrainerController.advance": {
                    "total": 111.17320029998996,
                    "count": 16832,
                    "self": 0.06942100001901963,
                    "children": {
                        "env_step": {
                            "total": 111.10377929997094,
                            "count": 16832,
                            "self": 101.30331069997919,
                            "children": {
                                "SubprocessEnvManager._take_step": {
                                    "total": 9.70865609998873,
                                    "count": 19692,
                                    "self": 0.40212749997772335,
                                    "children": {
                                        "TorchPolicy.evaluate": {
                                            "total": 9.306528600011006,
                                            "count": 19692,
                                            "self": 9.306528600011006
                                        }
                                    }
                                },
                                "workers": {
                                    "total": 0.09181250000301588,
                                    "count": 16831,
                                    "self": 0.0,
                                    "children": {
                                        "worker_root": {
                                            "total": 51.3371688999996,
                                            "count": 19688,
                                            "is_parallel": true,
                                            "self": 29.07778539999572,
                                            "children": {
                                                "steps_from_proto": {
                                                    "total": 0.0009683000000677566,
                                                    "count": 4,
                                                    "is_parallel": true,
                                                    "self": 0.0004461000003175286,
                                                    "children": {
                                                        "_process_rank_one_or_two_observation": {
                                                            "total": 0.000522199999750228,
                                                            "count": 8,
                                                            "is_parallel": true,
                                                            "self": 0.000522199999750228
                                                        }
                                                    }
                                                },
                                                "UnityEnvironment.step": {
                                                    "total": 22.25841520000381,
                                                    "count": 19688,
                                                    "is_parallel": true,
                                                    "self": 0.9295840999941447,
                                                    "children": {
                                                        "UnityEnvironment._generate_step_input": {
                                                            "total": 0.5818113000163976,
                                                            "count": 19688,
                                                            "is_parallel": true,
                                                            "self": 0.5818113000163976
                                                        },