{
    "name": "root",
    "metadata": {
        "timer_format_version": "0.1.0",
        "start_time_seconds": "1746990957",
        "python_version": "3.10.11 (tags/v3.10.11:7d4cc5a, Apr  5 2023, 00:38:17) [MSC v.1929 64 bit (AMD64)]",
        "command_line_arguments": "D:\\Cours\\Sabrina\\GeoGirl - Copie\\venv-mlagents\\Scripts\\mlagents-learn MLConfig/geometry_dash.yaml --run-id=gd_run_7",
        "mlagents_version": "1.1.0",
        "mlagents_envs_version": "1.1.0",
        "communication_protocol_version": "1.5.0",
        "pytorch_version": "2.7.0+cpu",
        "numpy_version": "1.23.5",
        "end_time_seconds": "1746991086"
    },
    "total": 128.83993459981866,
    "count": 1,
    "self": 0.002890699775889516,
    "children": {
        "run_training.setup": {
            "total": 0.05045190011151135,
            "count": 1,
            "self": 0.05045190011151135
        },
        "TrainerController.start_learning": {
            "total": 128.78659199993126,
            "count": 1,
            "self": 0.00010580010712146759,
            "children": {
                "TrainerController._reset_env": {
                    "total": 6.136756699997932,
                    "count": 1,
                    "self": 6.136756699997932
                },
                "TrainerController.advance": {
                    "total": 122.59351969999261,
                    "count": 1,
                    "self": 1.4899997040629387e-05,
                    "children": {
                        "env_step": {
                            "total": 122.59350479999557,
                            "count": 1,
                            "self": 122.59350099996664,
                            "children": {
                                "SubprocessEnvManager._take_step": {
                                    "total": 3.8000289350748062e-06,
                                    "count": 1,
                                    "self": 3.8000289350748062e-06
                                }
                            }
                        }
                    }
                },
                "TrainerController._save_models": {
                    "total": 0.05620979983359575,
                    "count": 1,
                    "self": 0.009586199885234237,
                    "children": {
                        "RLTrainer._checkpoint": {
                            "total": 0.046623599948361516,
                            "count": 1,
                            "self": 0.046623599948361516
                        }
                    }
                }
            }
        }
    }
}