{
    "name": "root",
    "metadata": {
        "timer_format_version": "0.1.0",
        "start_time_seconds": "1746990505",
        "python_version": "3.10.11 (tags/v3.10.11:7d4cc5a, Apr  5 2023, 00:38:17) [MSC v.1929 64 bit (AMD64)]",
        "command_line_arguments": "D:\\Cours\\Sabrina\\GeoGirl - Copie\\venv-mlagents\\Scripts\\mlagents-learn MLConfig/geometry_dash.yaml --run-id=gd_run_3",
        "mlagents_version": "1.1.0",
        "mlagents_envs_version": "1.1.0",
        "communication_protocol_version": "1.5.0",
        "pytorch_version": "2.7.0+cpu",
        "numpy_version": "1.23.5",
        "end_time_seconds": "1746990523"
    },
    "total": 17.945340499980375,
    "count": 1,
    "self": 0.4160230001434684,
    "children": {
        "run_training.setup": {
            "total": 0.05167039996013045,
            "count": 1,
            "self": 0.05167039996013045
        },
        "TrainerController.start_learning": {
            "total": 17.477647099876776,
            "count": 1,
            "self": 0.0008773999288678169,
            "children": {
                "TrainerController._reset_env": {
                    "total": 8.289505899883807,
                    "count": 1,
                    "self": 8.289505899883807
                },
                "TrainerController.advance": {
                    "total": 9.13148760003969,
                    "count": 1,
                    "self": 1.29002146422863e-05,
                    "children": {
                        "env_step": {
                            "total": 9.131474699825048,
                            "count": 1,
                            "self": 9.13147069979459,
                            "children": {
                                "SubprocessEnvManager._take_step": {
                                    "total": 4.00003045797348e-06,
                                    "count": 1,
                                    "self": 4.00003045797348e-06
                                }
                            }
                        }
                    }
                },
                "trainer_threads": {
                    "total": 1.209997572004795e-05,
                    "count": 1,
                    "self": 1.209997572004795e-05,
                    "children": {
                        "thread_root": {
                            "total": 0.0,
                            "count": 0,
                            "is_parallel": true,
                            "self": 0.0,
                            "children": {
                                "trainer_advance": {
                                    "total": 9.127417597686872,
                                    "count": 585,
                                    "is_parallel": true,
                                    "self": 0.009610898792743683,
                                    "children": {
                                        "process_trajectory": {
                                            "total": 9.117806698894128,
                                            "count": 585,
                                            "is_parallel": true,
                                            "self": 9.117806698894128
                                        }
                                    }
                                }
                            }
                        }
                    }
                },
                "TrainerController._save_models": {
                    "total": 0.055764100048691034,
                    "count": 1,
                    "self": 0.008173000067472458,
                    "children": {
                        "RLTrainer._checkpoint": {
                            "total": 0.047591099981218576,
                            "count": 1,
                            "self": 0.047591099981218576
                        }
                    }
                }
            }
        }
    }
}