{
    "name": "root",
    "gauges": {
        "GeometryDashTrainer.Policy.Entropy.mean": {
            "value": 0.6929845809936523,
            "min": 0.6929248571395874,
            "max": 0.6929845809936523,
            "count": 5
        },
        "GeometryDashTrainer.Policy.Entropy.sum": {
            "value": 1298.653076171875,
            "min": 1228.597412109375,
            "max": 1447.591796875,
            "count": 5
        },
        "GeometryDashTrainer.Environment.EpisodeLength.mean": {
            "value": 85.72,
            "min": 78.08695652173913,
            "max": 94.1304347826087,
            "count": 5
        },
        "GeometryDashTrainer.Environment.EpisodeLength.sum": {
            "value": 2143.0,
            "min": 1054.0,
            "max": 2165.0,
            "count": 5
        },
        "GeometryDashTrainer.Step.mean": {
            "value": 9916.0,
            "min": 1938.0,
            "max": 9916.0,
            "count": 5
        },
        "GeometryDashTrainer.Step.sum": {
            "value": 9916.0,
            "min": 1938.0,
            "max": 9916.0,
            "count": 5
        },
        "GeometryDashTrainer.Policy.ExtrinsicValueEstimate.mean": {
            "value": 0.15404023230075836,
            "min": 0.15404023230075836,
            "max": 0.2784559428691864,
            "count": 5
        },
        "GeometryDashTrainer.Policy.ExtrinsicValueEstimate.sum": {
            "value": 3.851005792617798,
            "min": 3.3414711952209473,
            "max": 5.295384883880615,
            "count": 5
        },
        "GeometryDashTrainer.Environment.CumulativeReward.mean": {
            "value": -202.1576805114746,
            "min": -202.2503539375637,
            "max": -200.2051252282184,
            "count": 5
        },
        "GeometryDashTrainer.Environment.CumulativeReward.sum": {
            "value": -5053.942012786865,
            "min": -5053.942012786865,
            "max": -2421.9605407714844,
            "count": 5
        },
        "GeometryDashTrainer.Policy.ExtrinsicReward.mean": {
            "value": -202.1576805114746,
            "min": -202.2503539375637,
            "max": -200.2051252282184,
            "count": 5
        },
        "GeometryDashTrainer.Policy.ExtrinsicReward.sum": {
            "value": -5053.942012786865,
            "min": -5053.942012786865,
            "max": -2421.9605407714844,
            "count": 5
        },
        "GeometryDashTrainer.IsTraining.mean": {
            "value": 1.0,
            "min": 1.0,
            "max": 1.0,
            "count": 5
        },
        "GeometryDashTrainer.IsTraining.sum": {
            "value": 1.0,
            "min": 1.0,
            "max": 1.0,
            "count": 5
        }
    },
    "metadata": {
        "timer_format_version": "0.1.0",
        "start_time_seconds": "1747299614",
        "python_version": "3.10.11 (tags/v3.10.11:7d4cc5a, Apr  5 2023, 00:38:17) [MSC v.1929 64 bit (AMD64)]",
        "command_line_arguments": "D:\\Cours\\Sabrina\\GeoGirl - Copie\\venv-mlagents\\Scripts\\mlagents-learn MLConfig/geometry_dash.yaml --run-id=1 --resume --num-envs=16 --no-graphics --env=Build/GeoGirl.exe",
        "mlagents_version": "1.1.0",
        "mlagents_envs_version": "1.1.0",
        "communication_protocol_version": "1.5.0",
        "pytorch_version": "2.7.0+cpu",
        "numpy_version": "1.23.5",
        "end_time_seconds": "1747299625"
    },
    "total": 11.123741899966262,
    "count": 1,
    "self": 0.1926611999515444,
    "children": {
        "run_training.setup": {
            "total": 0.781548400002066,
            "count": 1,
            "self": 0.781548400002066
        },
        "TrainerController.start_learning": {
            "total": 10.149532300012652,
            "count": 1,
            "self": 0.02759130031336099,
            "children": {
                "TrainerController._reset_env": {
                    "total": 3.7375212000333704,
                    "count": 1,
                    "self": 3.7373077000374906,
                    "children": {
                        "demo_to_buffer": {
                            "total": 0.00021349999587982893,
                            "count": 1,
                            "self": 1.2499978765845299e-05,
                            "children": {
                                "load_demonstration": {
                                    "total": 0.00018660002388060093,
                                    "count": 1,
                                    "self": 0.00016170006711035967,
                                    "children": {
                                        "read_file": {
                                            "total": 2.489995677024126e-05,
                                            "count": 1,
                                            "self": 2.489995677024126e-05
                                        }
                                    }
                                },
                                "make_demo_buffer": {
                                    "total": 1.4399993233382702e-05,
                                    "count": 1,
                                    "self": 1.4399993233382702e-05
                                }
                            }
                        }
                    }
                },
                "TrainerController.advance": {
                    "total": 6.319979399617296,
                    "count": 848,
                    "self": 0.005867698404472321,
                    "children": {
                        "env_step": {
                            "total": 6.314111701212823,
                            "count": 848,
                            "self": 1.835221101762727,
                            "children": {
                                "SubprocessEnvManager._take_step": {
                                    "total": 4.449001299450174,
                                    "count": 10626,
                                    "self": 0.22313860070426017,
                                    "children": {
                                        "TorchPolicy.evaluate": {
                                            "total": 4.225862698745914,
                                            "count": 10626,
                                            "self": 4.225862698745914
                                        }
                                    }
                                },
                                "workers": {
                                    "total": 0.029889299999922514,
                                    "count": 847,
                                    "self": 0.0,
                                    "children": {
                                        "worker_root": {
                                            "total": 119.7892257955391,
                                            "count": 10621,
                                            "is_parallel": true,
                                            "self": 101.23649319721153,
                                            "children": {
                                                "steps_from_proto": {
                                                    "total": 0.004391699971165508,
                                                    "count": 16,
                                                    "is_parallel": true,
                                                    "self": 0.002017699822317809,
                                                    "children": {
                                                        "_process_rank_one_or_two_observation": {
                                                            "total": 0.002374000148847699,