{
    "name": "root",
    "metadata": {
        "timer_format_version": "0.1.0",
        "start_time_seconds": "1746991729",
        "python_version": "3.10.11 (tags/v3.10.11:7d4cc5a, Apr  5 2023, 00:38:17) [MSC v.1929 64 bit (AMD64)]",
        "command_line_arguments": "D:\\Cours\\Sabrina\\GeoGirl - Copie\\venv-mlagents\\Scripts\\mlagents-learn MLConfig/geometry_dash.yaml --run-id=gd_run_10 --no-graphics",
        "mlagents_version": "1.1.0",
        "mlagents_envs_version": "1.1.0",
        "communication_protocol_version": "1.5.0",
        "pytorch_version": "2.7.0+cpu",
        "numpy_version": "1.23.5",
        "end_time_seconds": "1746991809"
    },
    "total": 79.16899570007809,
    "count": 1,
    "self": 0.002946099964901805,
    "children": {
        "run_training.setup": {
            "total": 0.05855210009030998,
            "count": 1,
            "self": 0.05855210009030998
        },
        "TrainerController.start_learning": {
            "total": 79.10749750002287,
            "count": 1,
            "self": 0.005248999921604991,
            "children": {
                "TrainerController._reset_env": {
                    "total": 11.166000599972904,
                    "count": 1,
                    "self": 11.166000599972904
                },
                "TrainerController.advance": {
                    "total": 67.88039580010809,
                    "count": 1,
                    "self": 1.3100216165184975e-05,
                    "children": {
                        "env_step": {
                            "total": 67.88038269989192,
                            "count": 1,
                            "self": 67.88037879974581,
                            "children": {
                                "SubprocessEnvManager._take_step": {
                                    "total": 3.90014611184597e-06,
                                    "count": 1,
                                    "self": 3.90014611184597e-06
                                }
                            }
                        }
                    }
                },
                "trainer_threads": {
                    "total": 1.300009898841381e-05,
                    "count": 1,
                    "self": 1.300009898841381e-05,
                    "children": {
                        "thread_root": {
                            "total": 0.0,
                            "count": 0,
                            "is_parallel": true,
                            "self": 0.0,
                            "children": {
                                "trainer_advance": {
                                    "total": 67.83739720284939,
                                    "count": 4364,
                                    "is_parallel": true,
                                    "self": 0.09633430535905063,
                                    "children": {
                                        "process_trajectory": {
                                            "total": 67.74106289749034,
                                            "count": 4364,
                                            "is_parallel": true,
                                            "self": 67.74106289749034
                                        }
                                    }
                                }
                            }
                        }
                    }
                },
                "TrainerController._save_models": {
                    "total": 0.055839099921286106,
                    "count": 1,
                    "self": 0.006739799864590168,
                    "children": {
                        "RLTrainer._checkpoint": {
                            "total": 0.04909930005669594,
                            "count": 1,
                            "self": 0.04909930005669594
                        }
                    }
                }
            }
        }
    }
}