{
    "name": "root",
    "gauges": {
        "GeometryDashTrainer.Policy.Entropy.mean": {
            "value": 0.693146824836731,
            "min": 0.693146824836731,
            "max": 0.693146824836731,
            "count": 2
        },
        "GeometryDashTrainer.Policy.Entropy.sum": {
            "value": 6914.1396484375,
            "min": 6914.1396484375,
            "max": 6955.03515625,
            "count": 2
        },
        "GeometryDashTrainer.Environment.EpisodeLength.mean": {
            "value": 62.13291139240506,
            "min": 61.31055900621118,
            "max": 62.13291139240506,
            "count": 2
        },
        "GeometryDashTrainer.Environment.EpisodeLength.sum": {
            "value": 9817.0,
            "min": 9817.0,
            "max": 9871.0,
            "count": 2
        },
        "GeometryDashTrainer.Step.mean": {
            "value": 19953.0,
            "min": 9965.0,
            "max": 19953.0,
            "count": 2
        },
        "GeometryDashTrainer.Step.sum": {
            "value": 19953.0,
            "min": 9965.0,
            "max": 19953.0,
            "count": 2
        },
        "GeometryDashTrainer.Policy.ExtrinsicValueEstimate.mean": {
            "value": -0.004320263396948576,
            "min": -0.004320263396948576,
            "max": -0.0038537937216460705,
            "count": 2
        },
        "GeometryDashTrainer.Policy.ExtrinsicValueEstimate.sum": {
            "value": -0.6826016306877136,
            "min": -0.6826016306877136,
            "max": -0.6166070103645325,
            "count": 2
        },
        "GeometryDashTrainer.Environment.CumulativeReward.mean": {
            "value": -78.55007031597668,
            "min": -78.55007031597668,
            "max": -78.46629838943481,
            "count": 2
        },
        "GeometryDashTrainer.Environment.CumulativeReward.sum": {
            "value": -12410.911109924316,
            "min": -12554.60774230957,
            "max": -12410.911109924316,
            "count": 2
        },
        "GeometryDashTrainer.Policy.ExtrinsicReward.mean": {
            "value": -78.55007031597668,
            "min": -78.55007031597668,
            "max": -78.46629838943481,
            "count": 2
        },
        "GeometryDashTrainer.Policy.ExtrinsicReward.sum": {
            "value": -12410.911109924316,
            "min": -12554.60774230957,
            "max": -12410.911109924316,
            "count": 2
        },
        "GeometryDashTrainer.IsTraining.mean": {
            "value": 1.0,
            "min": 1.0,
            "max": 1.0,
            "count": 2
        },
        "GeometryDashTrainer.IsTraining.sum": {
            "value": 1.0,
            "min": 1.0,
            "max": 1.0,
            "count": 2
        }
    },
    "metadata": {
        "timer_format_version": "0.1.0",
        "start_time_seconds": "1746998281",
        "python_version": "3.10.11 (tags/v3.10.11:7d4cc5a, Apr  5 2023, 00:38:17) [MSC v.1929 64 bit (AMD64)]",
        "command_line_arguments": "D:\\Cours\\Sabrina\\GeoGirl - Copie\\venv-mlagents\\Scripts\\mlagents-learn MLConfig/geometry_dash.yaml --run-id=gd_run_36",
        "mlagents_version": "1.1.0",
        "mlagents_envs_version": "1.1.0",
        "communication_protocol_version": "1.5.0",
        "pytorch_version": "2.7.0+cpu",
        "numpy_version": "1.23.5",
        "end_time_seconds": "1746998444"
    },
    "total": 163.05474709998816,
    "count": 1,
    "self": 0.0025569999124854803,
    "children": {
        "run_training.setup": {
            "total": 0.05154550005681813,
            "count": 1,
            "self": 0.05154550005681813
        },
        "TrainerController.start_learning": {
            "total": 163.00064460001886,
            "count": 1,
            "self": 0.4186949045397341,
            "children": {
                "TrainerController._reset_env": {
                    "total": 9.502762800082564,
                    "count": 1,
                    "self": 9.502762800082564
                },
                "TrainerController.advance": {
                    "total": 153.02868419559672,
                    "count": 28700,
                    "self": 0.17913740873336792,
                    "children": {
                        "env_step": {
                            "total": 152.84954678686336,
                            "count": 28700,
                            "self": 136.07957177516073,
                            "children": {
                                "SubprocessEnvManager._take_step": {
                                    "total": 16.55901681818068,
                                    "count": 28700,
                                    "self": 0.7019411053042859,
                                    "children": {
                                        "TorchPolicy.evaluate": {
                                            "total": 15.857075712876394,
                                            "count": 28700,
                                            "self": 15.857075712876394
                                        }
                                    }
                                },
                                "workers": {
                                    "total": 0.21095819352194667,
                                    "count": 28699,
                                    "self": 0.0,
                                    "children": {
                                        "worker_root": {
                                            "total": 146.98646646295674,
                                            "count": 28699,
                                            "is_parallel": true,
                                            "self": 32.9924462439958,
                                            "children": {
                                                "steps_from_proto": {
                                                    "total": 0.0002454998902976513,
                                                    "count": 1,
                                                    "is_parallel": true,
                                                    "self": 0.00011249980889260769,
                                                    "children": {
                                                        "_process_rank_one_or_two_observation": {
                                                            "total": 0.0001330000814050436,
                                                            "count": 2,
                                                            "is_parallel": true,
                                                            "self": 0.0001330000814050436
                                                        }
                                                    }
                                                },
                                                "UnityEnvironment.step": {
                                                    "total": 113.99377471907064,
                                                    "count": 28699,
                                                    "is_parallel": true,
                                                    "self": 1.3827492271084338,
                                                    "children": {
                                                        "UnityEnvironment._generate_step_input": {
                                                            "total": 0.9325571870431304,
                                                            "count": 28699,
                                                            "is_parallel": true,
                                                            "self": 0.9325571870431304
                                                        },